,21_3,3_3,3_6,6_6,6_9,9_12,12_12,12_15,15_15,15_18,18_18,18_21
AAA,Increase,Increase,Decrease,Decrease,Increase,Increase,Decrease,Increase,Decrease,Increase,Increase,Decrease
AAG,Decrease,Decrease,Increase,Increase,Decrease,Decrease,Increase,Decrease,Increase,Decrease,Decrease,Increase
AAC,Decrease,Decrease,Increase,Increase,Decrease,Decrease,Increase,Decrease,Decrease,Decrease,Increase,Increase
AAT,Increase,Increase,Decrease,Decrease,Increase,Increase,Decrease,Increase,Increase,Increase,Decrease,Decrease
ACA,Increase,Increase,Decrease,Decrease,Increase,Decrease,Decrease,Increase,Increase,Decrease,Increase,Increase
ACC,Decrease,Decrease,Increase,Increase,Decrease,Increase,Increase,Decrease,Decrease,Decrease,Decrease,Increase
ACG,Decrease,Decrease,Increase,Increase,Decrease,Increase,Increase,Decrease,Increase,Decrease,Decrease,Increase
ACT,Increase,Increase,Decrease,Decrease,Increase,Decrease,Decrease,Increase,Decrease,Increase,Decrease,Decrease
AGA,Increase,Increase,Decrease,Decrease,Increase,Decrease,Decrease,Increase,Decrease,Decrease,Increase,Decrease
AGG,Decrease,Increase,Decrease,Decrease,Increase,Decrease,Decrease,Increase,Increase,Decrease,Increase,Increase
CGA,Increase,Decrease,Increase,Decrease,Decrease,Increase,Increase,Decrease,Decrease,Increase,Decrease,Decrease
CGC,Decrease,Decrease,Increase,Increase,Decrease,Increase,Increase,Decrease,Decrease,Decrease,Decrease,Increase
CGG,Decrease,Decrease,Increase,Increase,Decrease,Increase,Increase,Decrease,Increase,Increase,Decrease,Increase
CGT,Increase,Decrease,Increase,Decrease,Decrease,Increase,Increase,Decrease,Decrease,Decrease,Decrease,Increase
AGC,Decrease,Decrease,Increase,Increase,Decrease,Decrease,Increase,Decrease,Increase,Decrease,Decrease,Increase
AGT,Increase,Decrease,Decrease,Decrease,Decrease,Increase,Decrease,Increase,Increase,Increase,Decrease,Decrease
TCA,Increase,Increase,Decrease,Decrease,Increase,Decrease,Decrease,Increase,Decrease,Increase,Increase,Decrease
TCC,Increase,Decrease,Increase,Increase,Decrease,Decrease,Increase,Decrease,Decrease,Decrease,Increase,Decrease
TCG,Decrease,Decrease,Increase,Increase,Decrease,Decrease,Increase,Decrease,Decrease,Increase,Decrease,Increase
TCT,Increase,Increase,Decrease,Decrease,Increase,Increase,Decrease,Increase,Increase,Decrease,Increase,Decrease
ATA,Increase,Decrease,Decrease,Decrease,Increase,Increase,Decrease,Increase,Decrease,Increase,Increase,Decrease
ATC,Decrease,Decrease,Increase,Increase,Increase,Decrease,Increase,Decrease,Increase,Decrease,Increase,Increase
ATT,Increase,Increase,Decrease,Decrease,Decrease,Increase,Decrease,Increase,Decrease,Increase,Decrease,Decrease
ATG,Decrease,Decrease,Decrease,Decrease,Decrease,Decrease,Decrease,Decrease,Decrease,Decrease,Decrease,Decrease
TTC,Decrease,Decrease,Increase,Increase,Decrease,Increase,Increase,Decrease,Increase,Decrease,Decrease,Increase
TTT,Increase,Increase,Decrease,Decrease,Increase,Decrease,Decrease,Increase,Decrease,Increase,Increase,Decrease
TAC,Decrease,Decrease,Increase,Increase,Decrease,Increase,Increase,Decrease,Increase,Decrease,Decrease,Increase
TAT,Increase,Increase,Decrease,Decrease,Increase,Decrease,Decrease,Increase,Decrease,Increase,Increase,Decrease
TGC,Decrease,Decrease,Increase,Increase,Decrease,Increase,Increase,Decrease,Decrease,Decrease,Decrease,Increase
TGT,Increase,Increase,Decrease,Decrease,Increase,Decrease,Decrease,Increase,Increase,Increase,Increase,Decrease
TGG,Decrease,Decrease,Decrease,Decrease,Decrease,Decrease,Decrease,Decrease,Decrease,Decrease,Decrease,Decrease
CTA,Decrease,Increase,Decrease,Decrease,Increase,Decrease,Decrease,Increase,Decrease,Increase,Increase,Increase
CTC,Decrease,Decrease,Increase,Increase,Increase,Decrease,Increase,Decrease,Increase,Decrease,Increase,Increase
CTG,Decrease,Decrease,Increase,Increase,Decrease,Increase,Increase,Decrease,Increase,Decrease,Decrease,Increase
CTT,Increase,Increase,Decrease,Decrease,Decrease,Increase,Decrease,Increase,Decrease,Increase,Increase,Decrease
TTA,Increase,Increase,Decrease,Decrease,Increase,Increase,Decrease,Increase,Decrease,Increase,Decrease,Decrease
TTG,Increase,Increase,Decrease,Decrease,Increase,Decrease,Decrease,Increase,Decrease,Increase,Increase,Decrease
CCA,Increase,Increase,Decrease,Decrease,Increase,Decrease,Decrease,Increase,Decrease,Increase,Increase,Decrease
CCC,Decrease,Decrease,Increase,Increase,Decrease,Increase,Increase,Decrease,Increase,Decrease,Decrease,Increase
CCG,Decrease,Decrease,Increase,Increase,Decrease,Increase,Increase,Decrease,Decrease,Increase,Decrease,Increase
CCT,Decrease,Increase,Decrease,Increase,Increase,Decrease,Decrease,Increase,Increase,Decrease,Increase,Increase
CAC,Decrease,Decrease,Increase,Increase,Decrease,Increase,Increase,Decrease,Increase,Decrease,Decrease,Increase
CAT,Increase,Increase,Decrease,Decrease,Increase,Decrease,Decrease,Increase,Decrease,Increase,Increase,Decrease
CAA,Increase,Increase,Decrease,Decrease,Increase,Decrease,Decrease,Increase,Increase,Decrease,Increase,Decrease
CAG,Decrease,Decrease,Increase,Increase,Decrease,Increase,Increase,Decrease,Decrease,Increase,Decrease,Increase
GTA,Increase,Increase,Decrease,Decrease,Increase,Increase,Decrease,Increase,Increase,Increase,Decrease,Increase
GTC,Increase,Decrease,Decrease,Decrease,Decrease,Decrease,Increase,Increase,Decrease,Decrease,Increase,Decrease
GTG,Decrease,Decrease,Increase,Increase,Decrease,Decrease,Increase,Decrease,Decrease,Decrease,Increase,Increase
GTT,Increase,Increase,Decrease,Decrease,Increase,Increase,Decrease,Increase,Increase,Increase,Decrease,Decrease
GCA,Increase,Increase,Decrease,Decrease,Increase,Increase,Decrease,Increase,Increase,Increase,Increase,Decrease
GCC,Decrease,Decrease,Increase,Increase,Increase,Decrease,Increase,Decrease,Increase,Decrease,Increase,Increase
GCG,Decrease,Decrease,Increase,Increase,Decrease,Increase,Increase,Increase,Decrease,Increase,Decrease,Increase
GCT,Increase,Increase,Decrease,Decrease,Decrease,Increase,Increase,Increase,Decrease,Increase,Increase,Decrease
GGA,Increase,Increase,Decrease,Decrease,Increase,Decrease,Decrease,Increase,Decrease,Decrease,Increase,Decrease
GGC,Decrease,Decrease,Increase,Increase,Decrease,Increase,Increase,Decrease,Increase,Decrease,Decrease,Increase
GGG,Increase,Decrease,Increase,Increase,Decrease,Decrease,Increase,Decrease,Decrease,Increase,Increase,Decrease
GGT,Increase,Increase,Increase,Decrease,Decrease,Increase,Increase,Increase,Decrease,Increase,Decrease,Decrease
GAC,Decrease,Decrease,Increase,Increase,Decrease,Increase,Increase,Decrease,Increase,Decrease,Decrease,Increase
GAT,Increase,Increase,Decrease,Decrease,Increase,Decrease,Decrease,Increase,Decrease,Increase,Increase,Decrease
GAA,Increase,Increase,Decrease,Decrease,Increase,Increase,Decrease,Increase,Decrease,Increase,Increase,Decrease
GAG,Decrease,Decrease,Increase,Increase,Decrease,Decrease,Increase,Decrease,Increase,Decrease,Decrease,Increase
TAA,Increase,Increase,Decrease,Decrease,Increase,Decrease,Decrease,Increase,Decrease,Increase,Increase,Decrease
TAG,Decrease,Decrease,Increase,Decrease,Decrease,Increase,Increase,Decrease,Increase,Increase,Decrease,Increase
TGA,Increase,Decrease,Increase,Increase,Decrease,Decrease,Decrease,Decrease,Increase,Decrease,Decrease,Increase
