,27_3,3_3,3_3_1,3_3_2,3_3_3,3_3_4,3_6,6_6,6_6_1,6_6_2,6_6_3,6_6_4,6_9,9_9,9_9_1,9_9_2,9_12,12_12,12_12_1,12_12_2,12_12_3,12_12_4,12_15,15_15,15_15_1,15_15_2,15_15_3,15_15_4,15_18,18_18,18_18_1,18_18_2,18_18_3,18_21,21_21,21_21_1,21_21_2,21_21_3,21_24,24_24,24_24_1,24_27,27_27,27_27_1,27_27_2
AAA,Increase,Increase,Increase,Decrease,Increase,Increase,Increase,Decrease,Decrease,Increase,Increase,Decrease,Increase,Increase,Decrease,Decrease,Increase,Decrease,Increase,Decrease,Decrease,Increase,Increase,Increase,Decrease,Increase,Decrease,Decrease,Increase,Decrease,Increase,Decrease,Increase,Decrease,Decrease,Increase,Decrease,Decrease,Increase,Decrease,Decrease,Increase,Increase,Decrease,Increase
AAG,Decrease,Decrease,Decrease,Increase,Decrease,Decrease,Decrease,Increase,Increase,Decrease,Decrease,Increase,Decrease,Decrease,Increase,Increase,Decrease,Increase,Decrease,Increase,Increase,Decrease,Decrease,Decrease,Increase,Decrease,Increase,Increase,Decrease,Increase,Decrease,Increase,Decrease,Increase,Increase,Decrease,Increase,Increase,Decrease,Increase,Increase,Decrease,Decrease,Increase,Decrease
AAC,Decrease,Decrease,Increase,Increase,Increase,Decrease,Increase,Increase,Decrease,Increase,Decrease,Increase,Decrease,Decrease,Increase,Increase,Decrease,Increase,Decrease,Increase,Increase,Decrease,Increase,Decrease,Increase,Decrease,Increase,Increase,Decrease,Increase,Increase,Decrease,Increase,Decrease,Decrease,Increase,Decrease,Increase,Decrease,Increase,Increase,Increase,Decrease,Increase,Decrease
AAT,Increase,Increase,Decrease,Decrease,Decrease,Increase,Decrease,Decrease,Increase,Decrease,Increase,Decrease,Increase,Increase,Decrease,Decrease,Increase,Decrease,Increase,Decrease,Decrease,Increase,Decrease,Increase,Decrease,Increase,Decrease,Decrease,Increase,Decrease,Decrease,Increase,Decrease,Increase,Increase,Decrease,Increase,Decrease,Increase,Decrease,Decrease,Decrease,Increase,Decrease,Increase
ACA,Increase,Increase,Increase,Decrease,Decrease,Decrease,Increase,Decrease,Increase,Decrease,Decrease,Increase,Increase,Increase,Decrease,Increase,Decrease,Decrease,Decrease,Increase,Decrease,Increase,Decrease,Increase,Decrease,Increase,Decrease,Increase,Decrease,Decrease,Increase,Increase,Decrease,Decrease,Increase,Decrease,Increase,Increase,Decrease,Increase,Decrease,Decrease,Increase,Decrease,Increase
ACC,Decrease,Decrease,Increase,Decrease,Increase,Increase,Decrease,Increase,Decrease,Increase,Increase,Increase,Decrease,Decrease,Increase,Decrease,Decrease,Increase,Decrease,Increase,Increase,Decrease,Increase,Decrease,Increase,Decrease,Increase,Increase,Decrease,Increase,Increase,Decrease,Increase,Increase,Decrease,Increase,Decrease,Increase,Increase,Decrease,Increase,Increase,Decrease,Increase,Decrease
ACG,Decrease,Increase,Decrease,Increase,Decrease,Increase,Decrease,Decrease,Decrease,Increase,Decrease,Increase,Decrease,Decrease,Decrease,Decrease,Increase,Increase,Increase,Decrease,Increase,Increase,Decrease,Decrease,Increase,Decrease,Increase,Increase,Decrease,Increase,Decrease,Increase,Decrease,Increase,Increase,Decrease,Increase,Decrease,Decrease,Increase,Increase,Decrease,Decrease,Increase,Decrease
ACT,Decrease,Increase,Decrease,Increase,Increase,Increase,Decrease,Decrease,Increase,Decrease,Increase,Decrease,Increase,Increase,Decrease,Decrease,Increase,Decrease,Increase,Decrease,Decrease,Increase,Decrease,Increase,Decrease,Increase,Decrease,Decrease,Increase,Decrease,Decrease,Increase,Decrease,Increase,Increase,Increase,Increase,Decrease,Increase,Decrease,Decrease,Increase,Increase,Decrease,Increase
AGA,Increase,Increase,Increase,Decrease,Decrease,Decrease,Increase,Increase,Decrease,Increase,Increase,Decrease,Increase,Increase,Decrease,Increase,Decrease,Decrease,Increase,Increase,Decrease,Increase,Decrease,Increase,Decrease,Increase,Decrease,Increase,Increase,Decrease,Decrease,Increase,Decrease,Decrease,Increase,Increase,Decrease,Increase,Decrease,Increase,Decrease,Increase,Increase,Decrease,Increase
AGG,Increase,Increase,Increase,Decrease,Decrease,Decrease,Increase,Increase,Decrease,Decrease,Increase,Decrease,Increase,Increase,Decrease,Increase,Decrease,Increase,Increase,Increase,Decrease,Increase,Decrease,Increase,Decrease,Increase,Decrease,Increase,Decrease,Increase,Decrease,Increase,Decrease,Decrease,Increase,Increase,Decrease,Increase,Decrease,Increase,Decrease,Decrease,Increase,Decrease,Increase
CGA,Decrease,Decrease,Decrease,Increase,Increase,Increase,Decrease,Decrease,Increase,Increase,Decrease,Increase,Decrease,Decrease,Increase,Decrease,Increase,Decrease,Increase,Increase,Increase,Decrease,Increase,Decrease,Increase,Increase,Increase,Decrease,Increase,Decrease,Increase,Decrease,Increase,Increase,Decrease,Decrease,Increase,Decrease,Increase,Decrease,Increase,Increase,Decrease,Increase,Decrease
CGC,Decrease,Increase,Decrease,Increase,Increase,Increase,Decrease,Decrease,Increase,Decrease,Decrease,Increase,Decrease,Decrease,Increase,Decrease,Increase,Decrease,Decrease,Decrease,Increase,Decrease,Increase,Decrease,Increase,Decrease,Increase,Increase,Decrease,Increase,Decrease,Decrease,Increase,Increase,Decrease,Decrease,Increase,Decrease,Increase,Decrease,Increase,Decrease,Decrease,Increase,Decrease
CGG,Increase,Decrease,Increase,Decrease,Increase,Increase,Decrease,Decrease,Increase,Increase,Decrease,Increase,Decrease,Decrease,Increase,Increase,Decrease,Increase,Decrease,Increase,Increase,Decrease,Increase,Decrease,Increase,Decrease,Increase,Decrease,Increase,Decrease,Increase,Decrease,Increase,Decrease,Increase,Decrease,Increase,Increase,Decrease,Decrease,Increase,Increase,Decrease,Increase,Decrease
CGT,Decrease,Increase,Decrease,Increase,Decrease,Increase,Decrease,Increase,Decrease,Decrease,Increase,Decrease,Increase,Decrease,Increase,Decrease,Increase,Decrease,Increase,Decrease,Increase,Decrease,Increase,Decrease,Decrease,Increase,Decrease,Increase,Decrease,Increase,Decrease,Increase,Decrease,Increase,Decrease,Increase,Increase,Decrease,Increase,Decrease,Increase,Decrease,Decrease,Increase,Decrease
AGC,Decrease,Increase,Decrease,Increase,Decrease,Decrease,Increase,Increase,Decrease,Increase,Decrease,Increase,Decrease,Increase,Decrease,Increase,Decrease,Increase,Decrease,Decrease,Increase,Increase,Decrease,Increase,Increase,Decrease,Increase,Increase,Decrease,Increase,Increase,Decrease,Increase,Decrease,Increase,Increase,Decrease,Increase,Decrease,Increase,Increase,Decrease,Increase,Decrease,Decrease
AGT,Decrease,Increase,Decrease,Increase,Decrease,Increase,Decrease,Increase,Decrease,Increase,Increase,Decrease,Increase,Increase,Decrease,Decrease,Increase,Decrease,Increase,Decrease,Decrease,Increase,Decrease,Increase,Decrease,Increase,Decrease,Decrease,Increase,Decrease,Decrease,Increase,Decrease,Increase,Decrease,Decrease,Decrease,Decrease,Increase,Decrease,Decrease,Increase,Increase,Decrease,Decrease
TCA,Increase,Decrease,Increase,Decrease,Increase,Increase,Increase,Increase,Decrease,Increase,Increase,Decrease,Increase,Increase,Decrease,Increase,Decrease,Increase,Increase,Decrease,Decrease,Decrease,Increase,Decrease,Decrease,Increase,Increase,Decrease,Increase,Decrease,Increase,Decrease,Increase,Decrease,Decrease,Increase,Increase,Decrease,Increase,Increase,Decrease,Increase,Increase,Decrease,Increase
TCC,Decrease,Increase,Decrease,Increase,Increase,Increase,Increase,Decrease,Increase,Decrease,Decrease,Increase,Decrease,Decrease,Increase,Decrease,Increase,Decrease,Increase,Increase,Increase,Decrease,Increase,Decrease,Increase,Increase,Increase,Increase,Decrease,Increase,Decrease,Decrease,Increase,Increase,Decrease,Increase,Increase,Decrease,Increase,Decrease,Increase,Increase,Decrease,Increase,Increase
TCG,Increase,Decrease,Increase,Increase,Increase,Increase,Decrease,Decrease,Increase,Increase,Decrease,Increase,Decrease,Decrease,Increase,Decrease,Decrease,Increase,Decrease,Decrease,Increase,Decrease,Increase,Decrease,Increase,Decrease,Increase,Decrease,Decrease,Decrease,Increase,Decrease,Increase,Decrease,Increase,Increase,Decrease,Increase,Decrease,Decrease,Increase,Decrease,Decrease,Increase,Decrease
TCT,Decrease,Increase,Increase,Decrease,Decrease,Increase,Decrease,Decrease,Increase,Decrease,Increase,Decrease,Increase,Increase,Decrease,Increase,Increase,Decrease,Decrease,Increase,Decrease,Increase,Decrease,Increase,Decrease,Increase,Decrease,Increase,Decrease,Increase,Decrease,Increase,Decrease,Increase,Increase,Decrease,Decrease,Decrease,Increase,Increase,Decrease,Decrease,Increase,Decrease,Increase
ATA,Increase,Increase,Decrease,Increase,Increase,Decrease,Decrease,Decrease,Increase,Decrease,Increase,Decrease,Increase,Increase,Increase,Decrease,Increase,Decrease,Increase,Decrease,Decrease,Increase,Increase,Increase,Decrease,Increase,Increase,Decrease,Increase,Decrease,Increase,Increase,Increase,Increase,Decrease,Decrease,Increase,Decrease,Increase,Decrease,Decrease,Increase,Increase,Decrease,Increase
ATC,Decrease,Increase,Decrease,Increase,Decrease,Decrease,Increase,Increase,Decrease,Increase,Decrease,Increase,Decrease,Decrease,Increase,Increase,Decrease,Increase,Decrease,Increase,Increase,Decrease,Decrease,Decrease,Increase,Decrease,Decrease,Increase,Decrease,Increase,Decrease,Increase,Decrease,Decrease,Decrease,Increase,Decrease,Increase,Decrease,Increase,Increase,Decrease,Decrease,Increase,Decrease
ATT,Increase,Decrease,Increase,Decrease,Decrease,Increase,Decrease,Decrease,Increase,Increase,Decrease,Decrease,Increase,Increase,Decrease,Increase,Increase,Increase,Increase,Decrease,Decrease,Decrease,Increase,Decrease,Decrease,Increase,Decrease,Decrease,Increase,Decrease,Increase,Decrease,Increase,Decrease,Increase,Decrease,Increase,Decrease,Increase,Decrease,Increase,Decrease,Increase,Decrease,Decrease
ATG,Decrease,Decrease,Decrease,Decrease,Decrease,Decrease,Decrease,Decrease,Decrease,Decrease,Decrease,Decrease,Decrease,Decrease,Decrease,Decrease,Decrease,Decrease,Decrease,Decrease,Decrease,Decrease,Decrease,Decrease,Decrease,Decrease,Decrease,Decrease,Decrease,Decrease,Decrease,Decrease,Decrease,Decrease,Decrease,Decrease,Decrease,Decrease,Decrease,Decrease,Decrease,Decrease,Decrease,Decrease,Decrease
TTC,Decrease,Increase,Decrease,Increase,Decrease,Decrease,Increase,Increase,Decrease,Increase,Decrease,Increase,Decrease,Decrease,Increase,Increase,Decrease,Increase,Decrease,Increase,Increase,Increase,Decrease,Increase,Increase,Decrease,Decrease,Increase,Decrease,Increase,Decrease,Increase,Decrease,Increase,Increase,Decrease,Decrease,Increase,Decrease,Increase,Increase,Decrease,Decrease,Increase,Decrease
TTT,Increase,Decrease,Increase,Decrease,Increase,Increase,Decrease,Decrease,Increase,Decrease,Increase,Decrease,Increase,Increase,Decrease,Decrease,Increase,Decrease,Increase,Decrease,Decrease,Decrease,Increase,Decrease,Decrease,Increase,Increase,Decrease,Increase,Decrease,Increase,Decrease,Increase,Decrease,Decrease,Increase,Increase,Decrease,Increase,Decrease,Decrease,Increase,Increase,Decrease,Increase
TAC,Decrease,Decrease,Decrease,Increase,Decrease,Decrease,Increase,Increase,Decrease,Increase,Decrease,Increase,Decrease,Increase,Decrease,Increase,Decrease,Increase,Decrease,Increase,Increase,Increase,Decrease,Increase,Increase,Decrease,Decrease,Increase,Decrease,Increase,Decrease,Increase,Decrease,Decrease,Increase,Decrease,Decrease,Increase,Decrease,Increase,Increase,Increase,Decrease,Increase,Decrease
TAT,Increase,Increase,Increase,Decrease,Increase,Increase,Decrease,Decrease,Increase,Decrease,Increase,Decrease,Increase,Decrease,Increase,Decrease,Increase,Decrease,Increase,Decrease,Decrease,Decrease,Increase,Decrease,Decrease,Increase,Increase,Decrease,Increase,Decrease,Increase,Decrease,Increase,Increase,Decrease,Increase,Increase,Decrease,Increase,Decrease,Decrease,Decrease,Increase,Decrease,Increase
TGC,Decrease,Decrease,Decrease,Increase,Increase,Increase,Decrease,Increase,Decrease,Increase,Increase,Increase,Decrease,Decrease,Increase,Decrease,Increase,Increase,Increase,Decrease,Increase,Decrease,Increase,Decrease,Increase,Decrease,Increase,Increase,Decrease,Increase,Decrease,Decrease,Increase,Increase,Decrease,Increase,Decrease,Increase,Increase,Decrease,Increase,Increase,Decrease,Increase,Decrease
TGT,Increase,Increase,Increase,Decrease,Decrease,Decrease,Increase,Decrease,Increase,Decrease,Decrease,Decrease,Increase,Increase,Decrease,Increase,Decrease,Decrease,Decrease,Increase,Decrease,Increase,Decrease,Increase,Decrease,Increase,Decrease,Decrease,Increase,Decrease,Increase,Increase,Decrease,Decrease,Increase,Decrease,Increase,Decrease,Decrease,Increase,Decrease,Decrease,Increase,Decrease,Increase
TGG,Decrease,Decrease,Decrease,Decrease,Decrease,Decrease,Decrease,Decrease,Decrease,Decrease,Decrease,Decrease,Decrease,Decrease,Decrease,Decrease,Decrease,Decrease,Decrease,Decrease,Decrease,Decrease,Decrease,Decrease,Decrease,Decrease,Decrease,Decrease,Decrease,Decrease,Decrease,Decrease,Decrease,Decrease,Decrease,Decrease,Decrease,Decrease,Decrease,Decrease,Decrease,Decrease,Decrease,Decrease,Decrease
CTA,Increase,Decrease,Increase,Decrease,Decrease,Decrease,Increase,Increase,Decrease,Decrease,Increase,Decrease,Increase,Increase,Decrease,Increase,Decrease,Increase,Increase,Decrease,Decrease,Increase,Decrease,Increase,Decrease,Decrease,Increase,Decrease,Increase,Decrease,Increase,Decrease,Increase,Decrease,Increase,Increase,Increase,Increase,Decrease,Increase,Decrease,Decrease,Increase,Decrease,Increase
CTC,Decrease,Increase,Decrease,Increase,Increase,Decrease,Increase,Increase,Decrease,Decrease,Increase,Increase,Increase,Increase,Decrease,Decrease,Decrease,Decrease,Decrease,Increase,Decrease,Increase,Decrease,Increase,Decrease,Decrease,Decrease,Increase,Decrease,Increase,Decrease,Increase,Decrease,Increase,Increase,Decrease,Decrease,Increase,Decrease,Increase,Increase,Decrease,Decrease,Increase,Decrease
CTG,Decrease,Increase,Decrease,Increase,Increase,Increase,Increase,Increase,Decrease,Decrease,Decrease,Increase,Decrease,Decrease,Increase,Decrease,Decrease,Increase,Decrease,Increase,Increase,Decrease,Increase,Decrease,Increase,Decrease,Increase,Increase,Decrease,Increase,Decrease,Decrease,Increase,Increase,Decrease,Decrease,Increase,Increase,Decrease,Decrease,Increase,Decrease,Decrease,Increase,Decrease
CTT,Increase,Decrease,Increase,Decrease,Increase,Increase,Decrease,Decrease,Increase,Increase,Decrease,Decrease,Decrease,Decrease,Increase,Decrease,Increase,Decrease,Increase,Increase,Decrease,Decrease,Increase,Decrease,Increase,Increase,Decrease,Decrease,Increase,Decrease,Increase,Decrease,Increase,Decrease,Decrease,Increase,Increase,Decrease,Increase,Decrease,Decrease,Increase,Increase,Decrease,Increase
TTA,Increase,Increase,Increase,Decrease,Decrease,Increase,Decrease,Decrease,Increase,Increase,Increase,Decrease,Increase,Increase,Decrease,Decrease,Increase,Decrease,Increase,Decrease,Decrease,Increase,Decrease,Increase,Decrease,Increase,Decrease,Decrease,Increase,Decrease,Increase,Increase,Decrease,Increase,Increase,Decrease,Increase,Decrease,Increase,Decrease,Decrease,Increase,Increase,Decrease,Increase
TTG,Increase,Decrease,Increase,Decrease,Decrease,Decrease,Increase,Increase,Decrease,Increase,Increase,Decrease,Increase,Increase,Decrease,Increase,Decrease,Increase,Decrease,Decrease,Decrease,Increase,Decrease,Increase,Decrease,Increase,Decrease,Increase,Decrease,Decrease,Increase,Increase,Decrease,Decrease,Increase,Decrease,Decrease,Increase,Decrease,Increase,Decrease,Decrease,Increase,Decrease,Increase
CCA,Increase,Decrease,Increase,Decrease,Increase,Increase,Increase,Decrease,Increase,Increase,Decrease,Decrease,Increase,Decrease,Increase,Decrease,Increase,Decrease,Increase,Decrease,Decrease,Decrease,Increase,Decrease,Decrease,Increase,Increase,Decrease,Increase,Decrease,Increase,Decrease,Increase,Decrease,Decrease,Increase,Increase,Decrease,Increase,Decrease,Decrease,Increase,Increase,Decrease,Increase
CCC,Decrease,Increase,Decrease,Increase,Increase,Increase,Decrease,Increase,Increase,Decrease,Increase,Increase,Decrease,Decrease,Increase,Decrease,Increase,Decrease,Increase,Increase,Increase,Decrease,Increase,Decrease,Increase,Decrease,Decrease,Increase,Decrease,Increase,Decrease,Decrease,Decrease,Increase,Decrease,Decrease,Increase,Increase,Increase,Decrease,Increase,Increase,Decrease,Increase,Decrease
CCG,Decrease,Decrease,Decrease,Increase,Increase,Increase,Decrease,Decrease,Increase,Increase,Decrease,Increase,Decrease,Decrease,Increase,Increase,Increase,Increase,Decrease,Increase,Increase,Decrease,Increase,Decrease,Increase,Decrease,Increase,Decrease,Increase,Decrease,Increase,Decrease,Increase,Increase,Increase,Decrease,Decrease,Increase,Increase,Decrease,Increase,Decrease,Decrease,Increase,Decrease
CCT,Increase,Increase,Decrease,Decrease,Decrease,Decrease,Increase,Increase,Decrease,Increase,Increase,Decrease,Increase,Increase,Decrease,Increase,Decrease,Increase,Decrease,Increase,Decrease,Increase,Decrease,Increase,Decrease,Decrease,Decrease,Increase,Decrease,Increase,Decrease,Increase,Decrease,Increase,Increase,Increase,Decrease,Increase,Decrease,Increase,Decrease,Decrease,Increase,Decrease,Increase
CAC,Decrease,Decrease,Decrease,Increase,Decrease,Increase,Decrease,Decrease,Increase,Increase,Decrease,Increase,Decrease,Increase,Increase,Increase,Increase,Increase,Decrease,Increase,Increase,Decrease,Increase,Decrease,Increase,Decrease,Decrease,Increase,Decrease,Increase,Decrease,Increase,Decrease,Increase,Increase,Decrease,Decrease,Increase,Decrease,Increase,Increase,Decrease,Decrease,Increase,Decrease
CAT,Increase,Increase,Increase,Decrease,Increase,Decrease,Increase,Increase,Decrease,Decrease,Increase,Decrease,Increase,Decrease,Decrease,Decrease,Decrease,Decrease,Increase,Decrease,Decrease,Increase,Decrease,Increase,Decrease,Increase,Increase,Decrease,Increase,Decrease,Increase,Decrease,Increase,Decrease,Decrease,Increase,Increase,Decrease,Increase,Decrease,Decrease,Increase,Increase,Decrease,Increase
CAA,Increase,Increase,Increase,Decrease,Increase,Decrease,Increase,Increase,Decrease,Decrease,Increase,Decrease,Increase,Increase,Decrease,Decrease,Increase,Decrease,Increase,Decrease,Decrease,Increase,Decrease,Increase,Decrease,Increase,Decrease,Increase,Increase,Decrease,Decrease,Increase,Decrease,Decrease,Decrease,Increase,Decrease,Increase,Decrease,Increase,Decrease,Increase,Increase,Decrease,Increase
CAG,Decrease,Decrease,Decrease,Increase,Decrease,Increase,Decrease,Decrease,Increase,Increase,Decrease,Increase,Decrease,Decrease,Increase,Increase,Decrease,Increase,Decrease,Increase,Increase,Decrease,Increase,Decrease,Increase,Decrease,Increase,Decrease,Decrease,Increase,Increase,Decrease,Increase,Increase,Increase,Decrease,Increase,Decrease,Increase,Decrease,Increase,Decrease,Decrease,Increase,Decrease
GTA,Increase,Increase,Increase,Decrease,Decrease,Decrease,Increase,Decrease,Increase,Increase,Increase,Decrease,Increase,Increase,Decrease,Increase,Decrease,Increase,Increase,Decrease,Decrease,Increase,Decrease,Increase,Decrease,Increase,Decrease,Decrease,Increase,Decrease,Increase,Increase,Decrease,Decrease,Increase,Increase,Decrease,Increase,Decrease,Increase,Decrease,Increase,Increase,Decrease,Increase
GTC,Decrease,Decrease,Increase,Decrease,Increase,Decrease,Increase,Increase,Decrease,Decrease,Increase,Decrease,Increase,Decrease,Increase,Decrease,Increase,Decrease,Increase,Decrease,Increase,Decrease,Increase,Decrease,Increase,Increase,Increase,Decrease,Increase,Decrease,Decrease,Decrease,Increase,Decrease,Decrease,Increase,Decrease,Decrease,Increase,Decrease,Decrease,Increase,Decrease,Increase,Increase
GTG,Decrease,Decrease,Decrease,Increase,Increase,Increase,Increase,Decrease,Increase,Decrease,Decrease,Increase,Decrease,Decrease,Increase,Increase,Decrease,Increase,Decrease,Increase,Increase,Decrease,Increase,Decrease,Increase,Decrease,Increase,Increase,Decrease,Increase,Increase,Decrease,Increase,Decrease,Increase,Decrease,Increase,Increase,Decrease,Decrease,Increase,Decrease,Decrease,Increase,Decrease
GTT,Decrease,Increase,Increase,Decrease,Decrease,Increase,Decrease,Decrease,Increase,Increase,Increase,Decrease,Increase,Increase,Decrease,Decrease,Increase,Decrease,Increase,Decrease,Decrease,Increase,Decrease,Increase,Decrease,Increase,Decrease,Increase,Increase,Decrease,Decrease,Increase,Decrease,Increase,Increase,Decrease,Increase,Decrease,Increase,Increase,Decrease,Decrease,Increase,Decrease,Increase
GCA,Increase,Decrease,Increase,Decrease,Decrease,Decrease,Increase,Decrease,Increase,Increase,Decrease,Decrease,Increase,Increase,Decrease,Increase,Decrease,Increase,Decrease,Increase,Decrease,Increase,Decrease,Increase,Decrease,Increase,Decrease,Decrease,Increase,Decrease,Increase,Decrease,Increase,Decrease,Increase,Decrease,Increase,Increase,Decrease,Increase,Decrease,Increase,Increase,Decrease,Increase
GCC,Decrease,Decrease,Decrease,Increase,Decrease,Decrease,Increase,Increase,Decrease,Decrease,Increase,Increase,Decrease,Increase,Increase,Increase,Decrease,Increase,Decrease,Increase,Increase,Increase,Decrease,Increase,Increase,Decrease,Increase,Increase,Decrease,Increase,Decrease,Increase,Decrease,Increase,Increase,Increase,Decrease,Increase,Decrease,Increase,Decrease,Increase,Decrease,Increase,Decrease
GCG,Decrease,Increase,Decrease,Increase,Increase,Increase,Decrease,Increase,Decrease,Increase,Decrease,Increase,Decrease,Decrease,Increase,Decrease,Increase,Increase,Decrease,Decrease,Increase,Decrease,Increase,Decrease,Increase,Decrease,Increase,Increase,Decrease,Decrease,Increase,Decrease,Increase,Increase,Increase,Decrease,Decrease,Decrease,Increase,Increase,Increase,Decrease,Decrease,Increase,Decrease
GCT,Increase,Increase,Increase,Decrease,Increase,Increase,Decrease,Decrease,Increase,Decrease,Decrease,Decrease,Increase,Decrease,Increase,Decrease,Increase,Decrease,Increase,Increase,Decrease,Decrease,Increase,Decrease,Decrease,Increase,Decrease,Decrease,Increase,Decrease,Decrease,Decrease,Increase,Increase,Decrease,Increase,Increase,Decrease,Increase,Decrease,Decrease,Increase,Increase,Decrease,Increase
GGA,Increase,Increase,Increase,Decrease,Decrease,Increase,Decrease,Decrease,Increase,Decrease,Increase,Decrease,Increase,Increase,Decrease,Increase,Increase,Decrease,Increase,Increase,Decrease,Increase,Decrease,Increase,Decrease,Increase,Decrease,Increase,Decrease,Increase,Decrease,Increase,Decrease,Decrease,Increase,Decrease,Increase,Decrease,Increase,Increase,Decrease,Decrease,Increase,Decrease,Increase
GGC,Decrease,Increase,Decrease,Increase,Decrease,Decrease,Increase,Increase,Decrease,Increase,Decrease,Increase,Decrease,Increase,Decrease,Increase,Decrease,Increase,Decrease,Increase,Increase,Increase,Decrease,Increase,Decrease,Decrease,Decrease,Increase,Decrease,Increase,Decrease,Increase,Decrease,Increase,Increase,Decrease,Decrease,Increase,Decrease,Increase,Increase,Decrease,Decrease,Increase,Decrease
GGG,Increase,Decrease,Decrease,Increase,Increase,Increase,Decrease,Increase,Decrease,Decrease,Increase,Decrease,Decrease,Decrease,Increase,Decrease,Increase,Decrease,Increase,Decrease,Increase,Decrease,Increase,Decrease,Increase,Decrease,Increase,Decrease,Increase,Decrease,Increase,Decrease,Increase,Decrease,Decrease,Increase,Increase,Increase,Increase,Decrease,Decrease,Increase,Decrease,Increase,Decrease
GGT,Decrease,Decrease,Increase,Decrease,Increase,Increase,Decrease,Decrease,Increase,Increase,Decrease,Decrease,Decrease,Decrease,Increase,Decrease,Decrease,Increase,Increase,Decrease,Increase,Decrease,Increase,Decrease,Increase,Increase,Decrease,Decrease,Increase,Decrease,Increase,Decrease,Increase,Decrease,Decrease,Increase,Decrease,Increase,Increase,Decrease,Decrease,Increase,Decrease,Decrease,Increase
GAC,Decrease,Increase,Decrease,Increase,Decrease,Decrease,Increase,Increase,Decrease,Increase,Decrease,Increase,Decrease,Decrease,Increase,Increase,Decrease,Increase,Decrease,Increase,Increase,Decrease,Decrease,Decrease,Increase,Decrease,Increase,Increase,Decrease,Increase,Decrease,Increase,Decrease,Increase,Increase,Increase,Decrease,Increase,Decrease,Increase,Increase,Decrease,Decrease,Increase,Decrease
GAT,Increase,Decrease,Increase,Decrease,Increase,Increase,Decrease,Decrease,Increase,Decrease,Increase,Decrease,Increase,Increase,Decrease,Decrease,Increase,Decrease,Increase,Decrease,Decrease,Increase,Increase,Increase,Decrease,Increase,Decrease,Decrease,Increase,Decrease,Increase,Decrease,Increase,Decrease,Decrease,Decrease,Increase,Decrease,Increase,Decrease,Decrease,Increase,Increase,Decrease,Increase
GAA,Increase,Decrease,Increase,Decrease,Decrease,Increase,Decrease,Decrease,Increase,Decrease,Increase,Decrease,Increase,Increase,Decrease,Decrease,Increase,Decrease,Increase,Decrease,Decrease,Increase,Decrease,Increase,Decrease,Increase,Decrease,Decrease,Increase,Decrease,Decrease,Increase,Decrease,Increase,Decrease,Increase,Increase,Decrease,Increase,Decrease,Decrease,Increase,Increase,Decrease,Increase
GAG,Decrease,Increase,Decrease,Increase,Increase,Decrease,Increase,Increase,Decrease,Increase,Decrease,Increase,Decrease,Decrease,Increase,Increase,Decrease,Increase,Decrease,Increase,Increase,Decrease,Increase,Decrease,Increase,Decrease,Increase,Increase,Decrease,Increase,Increase,Decrease,Increase,Decrease,Increase,Decrease,Decrease,Increase,Decrease,Increase,Increase,Decrease,Decrease,Increase,Decrease
TAA,Decrease,Decrease,Increase,Decrease,Increase,Increase,Decrease,Decrease,Increase,Increase,Decrease,Decrease,Decrease,Increase,Decrease,Increase,Decrease,Increase,Decrease,Increase,Decrease,Decrease,Increase,Decrease,Increase,Increase,Increase,Decrease,Increase,Decrease,Increase,Decrease,Increase,Decrease,Increase,Increase,Decrease,Decrease,Increase,Decrease,Decrease,Increase,Decrease,Increase,Increase
TAG,Decrease,Decrease,Increase,Decrease,Increase,Increase,Decrease,Increase,Decrease,Increase,Increase,Decrease,Increase,Decrease,Increase,Decrease,Decrease,Increase,Increase,Decrease,Increase,Decrease,Increase,Decrease,Increase,Decrease,Decrease,Decrease,Increase,Decrease,Increase,Decrease,Increase,Decrease,Decrease,Increase,Decrease,Increase,Decrease,Decrease,Increase,Increase,Decrease,Increase,Increase
TGA,Increase,Increase,Decrease,Increase,Decrease,Decrease,Increase,Decrease,Increase,Decrease,Decrease,Increase,Decrease,Increase,Decrease,Decrease,Increase,Decrease,Increase,Increase,Decrease,Increase,Decrease,Increase,Decrease,Increase,Decrease,Increase,Decrease,Increase,Decrease,Increase,Decrease,Increase,Increase,Decrease,Increase,Decrease,Increase,Increase,Increase,Decrease,Increase,Decrease,Decrease
