,27_3,3_3,3_3_1,3_3_2,3_6,6_6,6_6_1,6_6_2,6_9,9_9,9_9_1,9_9_2,9_12,12_12,12_12_1,12_12_2,12_15,15_15,15_15_1,15_15_2,15_18,18_18,18_18_1,18_18_2,18_21,21_21,21_21_1,21_24,24_24,24_24_1,24_24_2,24_27,27_27,27_27_1
AAA,Increase,Decrease,Increase,Increase,Decrease,Decrease,Decrease,Decrease,Increase,Decrease,Increase,Decrease,Increase,Decrease,Decrease,Increase,Decrease,Increase,Increase,Decrease,Increase,Decrease,Decrease,Decrease,Increase,Increase,Increase,Decrease,Increase,Decrease,Decrease,Decrease,Decrease,Decrease
AAG,Decrease,Increase,Decrease,Decrease,Increase,Increase,Increase,Increase,Decrease,Increase,Decrease,Increase,Decrease,Increase,Increase,Decrease,Increase,Decrease,Decrease,Increase,Decrease,Increase,Increase,Increase,Decrease,Decrease,Decrease,Increase,Decrease,Increase,Increase,Increase,Increase,Increase
AAC,Decrease,Decrease,Decrease,Decrease,Increase,Increase,Increase,Increase,Decrease,Increase,Decrease,Increase,Decrease,Increase,Increase,Decrease,Increase,Decrease,Decrease,Increase,Decrease,Increase,Increase,Increase,Decrease,Decrease,Increase,Increase,Decrease,Increase,Increase,Increase,Increase,Increase
AAT,Increase,Increase,Increase,Increase,Decrease,Decrease,Decrease,Decrease,Increase,Decrease,Increase,Decrease,Increase,Decrease,Decrease,Increase,Decrease,Increase,Increase,Decrease,Increase,Decrease,Decrease,Decrease,Increase,Increase,Decrease,Decrease,Increase,Decrease,Decrease,Decrease,Decrease,Decrease
ACA,Decrease,Increase,Decrease,Increase,Decrease,Decrease,Increase,Decrease,Increase,Decrease,Increase,Decrease,Increase,Increase,Increase,Decrease,Decrease,Increase,Increase,Decrease,Increase,Increase,Decrease,Decrease,Increase,Increase,Decrease,Decrease,Increase,Decrease,Decrease,Increase,Decrease,Increase
ACC,Decrease,Decrease,Increase,Decrease,Increase,Increase,Decrease,Increase,Decrease,Increase,Decrease,Increase,Decrease,Increase,Decrease,Increase,Increase,Decrease,Decrease,Increase,Decrease,Decrease,Increase,Increase,Decrease,Decrease,Increase,Increase,Decrease,Increase,Increase,Decrease,Increase,Decrease
ACG,Decrease,Decrease,Decrease,Decrease,Increase,Decrease,Increase,Increase,Decrease,Increase,Decrease,Increase,Decrease,Increase,Increase,Decrease,Increase,Decrease,Decrease,Increase,Decrease,Increase,Increase,Decrease,Decrease,Decrease,Increase,Increase,Decrease,Increase,Increase,Increase,Increase,Increase
ACT,Increase,Decrease,Increase,Increase,Decrease,Increase,Decrease,Decrease,Increase,Decrease,Increase,Decrease,Increase,Decrease,Decrease,Increase,Decrease,Increase,Increase,Decrease,Increase,Decrease,Decrease,Increase,Increase,Increase,Increase,Decrease,Increase,Decrease,Decrease,Decrease,Decrease,Decrease
AGA,Increase,Increase,Decrease,Increase,Increase,Decrease,Decrease,Decrease,Increase,Decrease,Increase,Decrease,Increase,Decrease,Increase,Decrease,Decrease,Increase,Increase,Decrease,Increase,Increase,Decrease,Increase,Increase,Increase,Decrease,Decrease,Increase,Decrease,Decrease,Decrease,Decrease,Decrease
AGG,Increase,Increase,Decrease,Increase,Increase,Decrease,Increase,Decrease,Increase,Decrease,Increase,Decrease,Increase,Decrease,Increase,Decrease,Decrease,Increase,Increase,Decrease,Increase,Decrease,Decrease,Increase,Decrease,Increase,Decrease,Decrease,Increase,Decrease,Decrease,Decrease,Decrease,Decrease
CGA,Increase,Decrease,Increase,Increase,Decrease,Increase,Decrease,Increase,Decrease,Decrease,Increase,Increase,Decrease,Decrease,Decrease,Increase,Increase,Decrease,Decrease,Increase,Increase,Decrease,Decrease,Increase,Increase,Decrease,Increase,Decrease,Decrease,Increase,Increase,Increase,Increase,Decrease
CGC,Decrease,Decrease,Increase,Decrease,Increase,Increase,Decrease,Increase,Decrease,Increase,Decrease,Increase,Decrease,Increase,Decrease,Increase,Increase,Decrease,Decrease,Increase,Decrease,Increase,Increase,Decrease,Decrease,Decrease,Increase,Increase,Decrease,Increase,Increase,Decrease,Increase,Increase
CGG,Decrease,Decrease,Increase,Decrease,Decrease,Decrease,Increase,Increase,Decrease,Increase,Decrease,Increase,Decrease,Increase,Increase,Decrease,Increase,Decrease,Decrease,Increase,Decrease,Decrease,Increase,Decrease,Decrease,Decrease,Increase,Increase,Decrease,Increase,Decrease,Increase,Increase,Increase
CGT,Increase,Decrease,Decrease,Decrease,Increase,Increase,Decrease,Increase,Decrease,Increase,Decrease,Increase,Decrease,Increase,Increase,Increase,Increase,Decrease,Decrease,Increase,Decrease,Decrease,Increase,Decrease,Decrease,Decrease,Increase,Increase,Decrease,Increase,Increase,Increase,Decrease,Increase
AGC,Decrease,Increase,Decrease,Decrease,Increase,Decrease,Increase,Increase,Decrease,Increase,Decrease,Increase,Decrease,Increase,Increase,Decrease,Increase,Decrease,Decrease,Increase,Decrease,Increase,Increase,Increase,Decrease,Decrease,Decrease,Increase,Decrease,Increase,Decrease,Decrease,Decrease,Increase
AGT,Increase,Decrease,Increase,Increase,Decrease,Decrease,Decrease,Decrease,Increase,Decrease,Increase,Decrease,Increase,Decrease,Decrease,Increase,Decrease,Increase,Increase,Decrease,Increase,Decrease,Decrease,Increase,Increase,Increase,Increase,Decrease,Increase,Decrease,Decrease,Decrease,Decrease,Decrease
TCA,Increase,Increase,Increase,Increase,Decrease,Decrease,Increase,Decrease,Increase,Decrease,Increase,Decrease,Increase,Decrease,Decrease,Decrease,Decrease,Increase,Increase,Decrease,Increase,Decrease,Decrease,Decrease,Increase,Increase,Decrease,Decrease,Increase,Decrease,Decrease,Increase,Decrease,Decrease
TCC,Decrease,Decrease,Increase,Decrease,Increase,Increase,Decrease,Increase,Decrease,Increase,Decrease,Increase,Decrease,Increase,Increase,Increase,Increase,Decrease,Decrease,Increase,Decrease,Increase,Increase,Increase,Decrease,Decrease,Increase,Increase,Decrease,Increase,Increase,Increase,Increase,Decrease
TCG,Decrease,Decrease,Increase,Decrease,Increase,Increase,Decrease,Increase,Decrease,Increase,Decrease,Increase,Decrease,Decrease,Decrease,Increase,Increase,Decrease,Decrease,Increase,Decrease,Increase,Increase,Decrease,Increase,Decrease,Increase,Increase,Decrease,Increase,Increase,Increase,Increase,Decrease
TCT,Increase,Increase,Decrease,Increase,Increase,Increase,Decrease,Decrease,Increase,Decrease,Increase,Decrease,Increase,Decrease,Increase,Increase,Decrease,Increase,Increase,Decrease,Increase,Increase,Decrease,Increase,Increase,Increase,Decrease,Decrease,Increase,Decrease,Decrease,Increase,Decrease,Decrease
ATA,Increase,Decrease,Increase,Increase,Decrease,Decrease,Increase,Decrease,Increase,Decrease,Increase,Decrease,Increase,Decrease,Decrease,Increase,Decrease,Increase,Increase,Decrease,Increase,Decrease,Decrease,Increase,Increase,Increase,Decrease,Decrease,Increase,Decrease,Decrease,Decrease,Decrease,Decrease
ATC,Decrease,Increase,Decrease,Decrease,Increase,Increase,Increase,Increase,Decrease,Increase,Decrease,Increase,Decrease,Increase,Increase,Decrease,Increase,Decrease,Decrease,Increase,Decrease,Increase,Increase,Increase,Decrease,Decrease,Decrease,Increase,Decrease,Increase,Increase,Increase,Increase,Increase
ATT,Increase,Decrease,Increase,Increase,Increase,Increase,Decrease,Decrease,Increase,Decrease,Increase,Decrease,Increase,Decrease,Decrease,Increase,Decrease,Increase,Increase,Decrease,Increase,Decrease,Decrease,Decrease,Increase,Increase,Increase,Decrease,Increase,Decrease,Increase,Decrease,Decrease,Decrease
ATG,Decrease,Decrease,Decrease,Decrease,Decrease,Decrease,Decrease,Decrease,Decrease,Decrease,Decrease,Decrease,Decrease,Decrease,Decrease,Decrease,Decrease,Decrease,Decrease,Decrease,Decrease,Decrease,Decrease,Decrease,Decrease,Decrease,Decrease,Decrease,Decrease,Decrease,Decrease,Decrease,Decrease,Decrease
TTC,Decrease,Increase,Decrease,Decrease,Increase,Increase,Increase,Increase,Decrease,Increase,Decrease,Increase,Decrease,Increase,Increase,Decrease,Increase,Decrease,Decrease,Increase,Decrease,Increase,Increase,Increase,Decrease,Decrease,Decrease,Increase,Decrease,Increase,Increase,Increase,Increase,Increase
TTT,Increase,Decrease,Increase,Increase,Decrease,Decrease,Decrease,Decrease,Increase,Decrease,Increase,Decrease,Increase,Decrease,Decrease,Increase,Decrease,Increase,Increase,Decrease,Increase,Decrease,Decrease,Decrease,Increase,Increase,Increase,Decrease,Increase,Decrease,Decrease,Decrease,Decrease,Decrease
TAC,Decrease,Increase,Decrease,Decrease,Increase,Decrease,Increase,Increase,Decrease,Increase,Decrease,Increase,Decrease,Increase,Increase,Decrease,Increase,Decrease,Decrease,Increase,Decrease,Increase,Increase,Increase,Decrease,Decrease,Decrease,Increase,Decrease,Increase,Decrease,Increase,Decrease,Increase
TAT,Increase,Decrease,Increase,Increase,Decrease,Increase,Decrease,Decrease,Increase,Decrease,Increase,Decrease,Increase,Decrease,Decrease,Increase,Decrease,Increase,Increase,Decrease,Increase,Decrease,Decrease,Decrease,Increase,Increase,Increase,Decrease,Increase,Decrease,Increase,Decrease,Increase,Decrease
TGC,Decrease,Decrease,Increase,Decrease,Increase,Increase,Increase,Increase,Decrease,Increase,Decrease,Increase,Decrease,Increase,Decrease,Increase,Increase,Decrease,Decrease,Increase,Decrease,Decrease,Increase,Decrease,Decrease,Decrease,Increase,Increase,Decrease,Increase,Increase,Decrease,Increase,Decrease
TGT,Increase,Increase,Decrease,Increase,Decrease,Decrease,Decrease,Decrease,Increase,Decrease,Increase,Decrease,Increase,Decrease,Increase,Decrease,Decrease,Increase,Increase,Decrease,Increase,Increase,Decrease,Increase,Increase,Increase,Decrease,Decrease,Increase,Decrease,Decrease,Increase,Decrease,Increase
TGG,Decrease,Decrease,Decrease,Decrease,Decrease,Decrease,Decrease,Decrease,Decrease,Decrease,Decrease,Decrease,Decrease,Decrease,Decrease,Decrease,Decrease,Decrease,Decrease,Decrease,Decrease,Decrease,Decrease,Decrease,Decrease,Decrease,Decrease,Decrease,Decrease,Decrease,Decrease,Decrease,Decrease,Decrease
CTA,Decrease,Increase,Decrease,Increase,Decrease,Decrease,Increase,Decrease,Increase,Decrease,Increase,Decrease,Increase,Increase,Increase,Decrease,Decrease,Increase,Increase,Decrease,Increase,Increase,Decrease,Decrease,Increase,Increase,Decrease,Decrease,Increase,Decrease,Decrease,Increase,Decrease,Increase
CTC,Decrease,Increase,Decrease,Decrease,Increase,Decrease,Increase,Increase,Decrease,Increase,Decrease,Increase,Decrease,Increase,Increase,Decrease,Increase,Decrease,Decrease,Increase,Decrease,Increase,Increase,Increase,Decrease,Increase,Decrease,Increase,Decrease,Increase,Increase,Increase,Decrease,Increase
CTG,Decrease,Decrease,Decrease,Decrease,Increase,Increase,Increase,Increase,Decrease,Increase,Decrease,Increase,Decrease,Increase,Increase,Decrease,Increase,Decrease,Decrease,Increase,Decrease,Decrease,Increase,Increase,Decrease,Decrease,Increase,Increase,Decrease,Increase,Increase,Increase,Increase,Increase
CTT,Increase,Decrease,Increase,Increase,Decrease,Increase,Decrease,Decrease,Increase,Decrease,Increase,Decrease,Increase,Decrease,Decrease,Increase,Decrease,Increase,Increase,Decrease,Increase,Decrease,Decrease,Increase,Increase,Increase,Increase,Decrease,Increase,Decrease,Increase,Decrease,Increase,Decrease
TTA,Increase,Decrease,Increase,Increase,Decrease,Decrease,Decrease,Decrease,Increase,Decrease,Increase,Decrease,Increase,Decrease,Decrease,Increase,Decrease,Increase,Increase,Decrease,Increase,Decrease,Decrease,Decrease,Increase,Increase,Increase,Decrease,Increase,Decrease,Decrease,Decrease,Decrease,Decrease
TTG,Increase,Increase,Decrease,Increase,Decrease,Decrease,Decrease,Decrease,Increase,Decrease,Increase,Decrease,Increase,Increase,Increase,Decrease,Decrease,Increase,Increase,Decrease,Increase,Increase,Decrease,Decrease,Increase,Increase,Decrease,Decrease,Increase,Decrease,Decrease,Increase,Decrease,Increase
CCA,Increase,Decrease,Increase,Increase,Decrease,Increase,Decrease,Decrease,Increase,Decrease,Increase,Decrease,Increase,Decrease,Decrease,Increase,Decrease,Increase,Increase,Decrease,Increase,Decrease,Decrease,Increase,Increase,Increase,Increase,Decrease,Increase,Decrease,Decrease,Decrease,Increase,Decrease
CCC,Decrease,Decrease,Increase,Decrease,Increase,Increase,Increase,Increase,Decrease,Increase,Decrease,Increase,Decrease,Increase,Decrease,Increase,Increase,Decrease,Decrease,Increase,Decrease,Increase,Increase,Increase,Decrease,Decrease,Increase,Increase,Decrease,Increase,Increase,Decrease,Increase,Increase
CCG,Increase,Decrease,Increase,Decrease,Increase,Decrease,Increase,Increase,Decrease,Decrease,Decrease,Increase,Decrease,Decrease,Decrease,Increase,Increase,Decrease,Decrease,Increase,Decrease,Increase,Increase,Decrease,Increase,Decrease,Increase,Increase,Decrease,Increase,Increase,Decrease,Increase,Decrease
CCT,Decrease,Increase,Decrease,Decrease,Increase,Decrease,Decrease,Decrease,Increase,Decrease,Increase,Decrease,Increase,Increase,Increase,Decrease,Decrease,Increase,Increase,Decrease,Increase,Decrease,Increase,Increase,Decrease,Increase,Decrease,Decrease,Increase,Decrease,Decrease,Increase,Decrease,Increase
CAC,Decrease,Decrease,Decrease,Decrease,Increase,Decrease,Increase,Increase,Decrease,Increase,Decrease,Increase,Decrease,Increase,Increase,Decrease,Increase,Decrease,Decrease,Increase,Decrease,Increase,Increase,Decrease,Decrease,Decrease,Decrease,Increase,Decrease,Increase,Increase,Increase,Increase,Increase
CAT,Increase,Increase,Increase,Increase,Decrease,Increase,Decrease,Decrease,Increase,Decrease,Increase,Decrease,Increase,Decrease,Decrease,Increase,Decrease,Increase,Increase,Decrease,Increase,Decrease,Decrease,Increase,Increase,Increase,Increase,Decrease,Increase,Decrease,Decrease,Decrease,Decrease,Decrease
CAA,Increase,Increase,Decrease,Increase,Decrease,Decrease,Decrease,Decrease,Increase,Decrease,Increase,Decrease,Increase,Decrease,Decrease,Decrease,Decrease,Increase,Increase,Decrease,Increase,Increase,Decrease,Increase,Increase,Increase,Decrease,Decrease,Increase,Decrease,Decrease,Decrease,Decrease,Decrease
CAG,Decrease,Decrease,Increase,Decrease,Increase,Increase,Increase,Increase,Decrease,Increase,Decrease,Increase,Decrease,Increase,Increase,Increase,Increase,Decrease,Decrease,Increase,Decrease,Decrease,Increase,Decrease,Decrease,Decrease,Increase,Increase,Decrease,Increase,Increase,Increase,Increase,Increase
GTA,Increase,Increase,Increase,Increase,Decrease,Decrease,Decrease,Decrease,Increase,Decrease,Increase,Decrease,Increase,Decrease,Decrease,Increase,Decrease,Increase,Increase,Decrease,Increase,Decrease,Decrease,Decrease,Increase,Increase,Increase,Decrease,Increase,Decrease,Decrease,Increase,Decrease,Decrease
GTC,Decrease,Decrease,Increase,Decrease,Decrease,Decrease,Increase,Increase,Decrease,Increase,Decrease,Increase,Decrease,Decrease,Decrease,Increase,Increase,Decrease,Decrease,Increase,Decrease,Decrease,Decrease,Increase,Decrease,Decrease,Increase,Increase,Decrease,Increase,Increase,Decrease,Increase,Decrease
GTG,Decrease,Increase,Decrease,Decrease,Increase,Increase,Increase,Increase,Decrease,Increase,Decrease,Increase,Decrease,Increase,Increase,Decrease,Increase,Decrease,Decrease,Increase,Decrease,Increase,Increase,Decrease,Decrease,Decrease,Decrease,Increase,Decrease,Increase,Increase,Increase,Increase,Increase
GTT,Increase,Increase,Increase,Increase,Decrease,Decrease,Decrease,Decrease,Increase,Decrease,Increase,Decrease,Increase,Decrease,Decrease,Increase,Decrease,Increase,Increase,Decrease,Increase,Increase,Decrease,Decrease,Increase,Increase,Decrease,Decrease,Increase,Decrease,Decrease,Decrease,Decrease,Decrease
GCA,Increase,Increase,Decrease,Increase,Decrease,Decrease,Decrease,Decrease,Increase,Decrease,Increase,Decrease,Increase,Decrease,Decrease,Decrease,Decrease,Increase,Increase,Decrease,Increase,Decrease,Decrease,Increase,Increase,Increase,Decrease,Decrease,Increase,Decrease,Decrease,Increase,Decrease,Decrease
GCC,Decrease,Increase,Decrease,Decrease,Increase,Decrease,Increase,Increase,Decrease,Increase,Decrease,Increase,Decrease,Increase,Increase,Decrease,Increase,Decrease,Decrease,Increase,Decrease,Increase,Increase,Increase,Decrease,Decrease,Decrease,Increase,Decrease,Increase,Decrease,Increase,Decrease,Increase
GCG,Decrease,Decrease,Increase,Decrease,Increase,Decrease,Decrease,Increase,Increase,Increase,Decrease,Increase,Decrease,Decrease,Decrease,Increase,Increase,Decrease,Decrease,Increase,Decrease,Increase,Increase,Decrease,Increase,Decrease,Increase,Increase,Decrease,Increase,Increase,Decrease,Increase,Decrease
GCT,Increase,Decrease,Increase,Increase,Decrease,Increase,Decrease,Decrease,Increase,Decrease,Increase,Decrease,Increase,Decrease,Decrease,Increase,Decrease,Increase,Increase,Decrease,Increase,Decrease,Decrease,Increase,Increase,Decrease,Increase,Decrease,Increase,Decrease,Increase,Decrease,Increase,Decrease
GGA,Increase,Increase,Decrease,Increase,Increase,Decrease,Decrease,Decrease,Increase,Decrease,Increase,Decrease,Increase,Decrease,Increase,Decrease,Decrease,Increase,Increase,Decrease,Increase,Decrease,Decrease,Increase,Increase,Increase,Decrease,Decrease,Increase,Decrease,Decrease,Decrease,Decrease,Decrease
GGC,Decrease,Increase,Decrease,Decrease,Increase,Decrease,Increase,Increase,Decrease,Increase,Decrease,Increase,Decrease,Increase,Increase,Decrease,Increase,Decrease,Decrease,Increase,Decrease,Increase,Increase,Decrease,Decrease,Decrease,Decrease,Increase,Decrease,Increase,Increase,Increase,Decrease,Increase
GGG,Increase,Decrease,Increase,Decrease,Decrease,Decrease,Increase,Increase,Decrease,Increase,Decrease,Increase,Decrease,Decrease,Decrease,Increase,Increase,Decrease,Decrease,Increase,Decrease,Decrease,Decrease,Increase,Decrease,Decrease,Increase,Increase,Decrease,Increase,Decrease,Increase,Increase,Decrease
GGT,Increase,Decrease,Increase,Increase,Decrease,Increase,Decrease,Decrease,Increase,Decrease,Increase,Decrease,Decrease,Decrease,Decrease,Increase,Decrease,Decrease,Increase,Decrease,Increase,Decrease,Decrease,Increase,Increase,Decrease,Increase,Decrease,Decrease,Decrease,Increase,Decrease,Increase,Decrease
GAC,Decrease,Increase,Decrease,Decrease,Increase,Decrease,Increase,Increase,Decrease,Increase,Decrease,Increase,Decrease,Increase,Increase,Decrease,Increase,Decrease,Decrease,Increase,Decrease,Increase,Increase,Increase,Decrease,Decrease,Decrease,Increase,Decrease,Increase,Increase,Increase,Increase,Increase
GAT,Increase,Decrease,Increase,Increase,Decrease,Increase,Decrease,Decrease,Increase,Decrease,Increase,Decrease,Increase,Decrease,Decrease,Increase,Decrease,Increase,Increase,Decrease,Increase,Decrease,Decrease,Decrease,Increase,Increase,Increase,Decrease,Increase,Decrease,Decrease,Decrease,Decrease,Decrease
GAA,Increase,Decrease,Increase,Increase,Decrease,Decrease,Decrease,Decrease,Increase,Decrease,Increase,Decrease,Increase,Decrease,Decrease,Increase,Decrease,Increase,Increase,Decrease,Increase,Decrease,Decrease,Decrease,Increase,Increase,Increase,Decrease,Increase,Decrease,Decrease,Decrease,Increase,Decrease
GAG,Decrease,Increase,Decrease,Decrease,Increase,Increase,Increase,Increase,Decrease,Increase,Decrease,Increase,Decrease,Increase,Increase,Decrease,Increase,Decrease,Decrease,Increase,Decrease,Increase,Increase,Increase,Decrease,Decrease,Decrease,Increase,Decrease,Increase,Increase,Increase,Decrease,Increase
TAA,Increase,Decrease,Increase,Increase,Increase,Increase,Decrease,Increase,Increase,Decrease,Increase,Decrease,Decrease,Decrease,Decrease,Increase,Decrease,Increase,Increase,Decrease,Increase,Increase,Decrease,Decrease,Increase,Decrease,Increase,Decrease,Decrease,Decrease,Increase,Decrease,Increase,Decrease
TAG,Increase,Decrease,Increase,Decrease,Decrease,Decrease,Increase,Increase,Decrease,Increase,Increase,Increase,Decrease,Decrease,Decrease,Increase,Increase,Decrease,Decrease,Increase,Increase,Decrease,Decrease,Increase,Increase,Decrease,Increase,Decrease,Decrease,Increase,Increase,Increase,Increase,Decrease
TGA,Decrease,Increase,Decrease,Decrease,Increase,Decrease,Increase,Decrease,Increase,Increase,Decrease,Increase,Increase,Increase,Increase,Decrease,Increase,Decrease,Increase,Decrease,Decrease,Increase,Increase,Increase,Decrease,Increase,Decrease,Increase,Increase,Increase,Decrease,Increase,Decrease,Increase
