,27_3,3_3,3_3_1,3_3_2,3_6,6_6,6_6_1,6_6_2,6_9,9_9,9_9_1,9_12,12_12,12_12_1,12_12_2,12_15,15_15,15_15_1,15_15_2,15_18,18_18,18_18_1,18_21,21_21,21_21_1,21_21_2,21_24,24_24,24_24_1,24_27,27_27,27_27_1,27_27_2
AAA,Increase,Decrease,Increase,Increase,Increase,Decrease,Decrease,Increase,Decrease,Increase,Decrease,Increase,Increase,Decrease,Decrease,Increase,Increase,Decrease,Decrease,Increase,Decrease,Increase,Decrease,Decrease,Increase,Decrease,Increase,Decrease,Decrease,Increase,Increase,Decrease,Increase
AAG,Decrease,Increase,Decrease,Decrease,Decrease,Increase,Increase,Decrease,Increase,Decrease,Increase,Decrease,Decrease,Increase,Increase,Decrease,Decrease,Increase,Increase,Decrease,Increase,Decrease,Increase,Increase,Decrease,Increase,Decrease,Increase,Increase,Decrease,Decrease,Increase,Decrease
AAC,Decrease,Increase,Increase,Decrease,Increase,Increase,Decrease,Increase,Decrease,Decrease,Increase,Decrease,Decrease,Increase,Decrease,Decrease,Increase,Increase,Increase,Decrease,Increase,Decrease,Increase,Decrease,Increase,Decrease,Increase,Increase,Increase,Increase,Decrease,Increase,Decrease
AAT,Increase,Decrease,Decrease,Increase,Decrease,Decrease,Increase,Decrease,Increase,Increase,Decrease,Increase,Increase,Decrease,Increase,Increase,Decrease,Decrease,Decrease,Increase,Decrease,Increase,Decrease,Increase,Decrease,Increase,Decrease,Decrease,Decrease,Decrease,Increase,Decrease,Increase
ACA,Increase,Decrease,Decrease,Decrease,Increase,Decrease,Increase,Decrease,Increase,Increase,Decrease,Increase,Decrease,Increase,Increase,Decrease,Decrease,Decrease,Increase,Decrease,Decrease,Increase,Decrease,Increase,Decrease,Increase,Decrease,Increase,Decrease,Decrease,Increase,Decrease,Increase
ACC,Decrease,Increase,Increase,Increase,Decrease,Increase,Decrease,Increase,Decrease,Decrease,Increase,Decrease,Increase,Increase,Decrease,Increase,Increase,Increase,Increase,Decrease,Increase,Decrease,Increase,Decrease,Increase,Decrease,Increase,Decrease,Increase,Increase,Decrease,Increase,Decrease
ACG,Decrease,Increase,Decrease,Increase,Decrease,Decrease,Decrease,Increase,Increase,Decrease,Decrease,Increase,Increase,Decrease,Increase,Decrease,Increase,Increase,Increase,Decrease,Increase,Decrease,Decrease,Increase,Decrease,Increase,Decrease,Increase,Increase,Decrease,Decrease,Increase,Decrease
ACT,Increase,Decrease,Increase,Increase,Decrease,Decrease,Increase,Decrease,Decrease,Increase,Decrease,Increase,Increase,Decrease,Decrease,Increase,Increase,Decrease,Decrease,Increase,Decrease,Decrease,Decrease,Increase,Increase,Increase,Increase,Decrease,Decrease,Increase,Increase,Decrease,Increase
AGA,Increase,Decrease,Decrease,Decrease,Increase,Increase,Decrease,Increase,Increase,Increase,Decrease,Increase,Increase,Increase,Increase,Increase,Decrease,Decrease,Increase,Increase,Decrease,Increase,Decrease,Increase,Increase,Decrease,Decrease,Increase,Decrease,Increase,Increase,Decrease,Increase
AGG,Increase,Decrease,Decrease,Decrease,Increase,Increase,Decrease,Increase,Increase,Increase,Decrease,Decrease,Increase,Increase,Increase,Decrease,Decrease,Decrease,Increase,Decrease,Increase,Increase,Decrease,Increase,Increase,Decrease,Decrease,Increase,Decrease,Decrease,Increase,Decrease,Increase
CGA,Decrease,Decrease,Increase,Increase,Decrease,Decrease,Increase,Decrease,Increase,Decrease,Increase,Increase,Increase,Increase,Decrease,Increase,Increase,Increase,Decrease,Increase,Decrease,Decrease,Increase,Decrease,Decrease,Increase,Increase,Decrease,Increase,Increase,Decrease,Increase,Decrease
CGC,Decrease,Increase,Increase,Increase,Decrease,Decrease,Increase,Decrease,Decrease,Decrease,Increase,Decrease,Decrease,Decrease,Increase,Decrease,Increase,Increase,Increase,Decrease,Increase,Decrease,Increase,Decrease,Decrease,Increase,Decrease,Decrease,Increase,Decrease,Decrease,Increase,Decrease
CGG,Decrease,Increase,Increase,Increase,Decrease,Decrease,Increase,Decrease,Increase,Decrease,Increase,Decrease,Increase,Increase,Decrease,Increase,Increase,Increase,Decrease,Increase,Decrease,Decrease,Increase,Increase,Decrease,Increase,Increase,Decrease,Increase,Increase,Decrease,Increase,Decrease
CGT,Decrease,Increase,Decrease,Increase,Decrease,Increase,Decrease,Decrease,Decrease,Decrease,Increase,Decrease,Increase,Decrease,Decrease,Increase,Increase,Decrease,Increase,Decrease,Increase,Decrease,Increase,Decrease,Increase,Increase,Increase,Decrease,Increase,Decrease,Decrease,Increase,Decrease
AGC,Decrease,Increase,Decrease,Decrease,Increase,Increase,Decrease,Decrease,Increase,Increase,Decrease,Increase,Decrease,Decrease,Increase,Decrease,Decrease,Increase,Increase,Decrease,Increase,Increase,Decrease,Increase,Increase,Decrease,Decrease,Increase,Increase,Decrease,Increase,Decrease,Decrease
AGT,Increase,Increase,Decrease,Increase,Decrease,Increase,Decrease,Increase,Decrease,Increase,Decrease,Increase,Increase,Decrease,Decrease,Decrease,Increase,Decrease,Decrease,Increase,Decrease,Decrease,Increase,Decrease,Decrease,Decrease,Increase,Decrease,Decrease,Increase,Increase,Decrease,Decrease
TCA,Increase,Decrease,Increase,Increase,Increase,Increase,Decrease,Increase,Decrease,Increase,Decrease,Increase,Increase,Decrease,Decrease,Increase,Increase,Increase,Decrease,Increase,Decrease,Increase,Decrease,Decrease,Increase,Increase,Increase,Increase,Decrease,Increase,Increase,Decrease,Increase
TCC,Decrease,Decrease,Increase,Increase,Increase,Decrease,Increase,Decrease,Decrease,Decrease,Increase,Decrease,Decrease,Increase,Decrease,Increase,Increase,Increase,Increase,Decrease,Increase,Decrease,Increase,Decrease,Increase,Increase,Increase,Decrease,Increase,Increase,Decrease,Increase,Increase
TCG,Decrease,Increase,Increase,Increase,Decrease,Decrease,Increase,Decrease,Increase,Decrease,Increase,Decrease,Decrease,Decrease,Decrease,Increase,Increase,Increase,Decrease,Decrease,Decrease,Decrease,Increase,Increase,Increase,Decrease,Increase,Decrease,Increase,Decrease,Decrease,Increase,Decrease
TCT,Increase,Decrease,Decrease,Increase,Decrease,Decrease,Increase,Increase,Increase,Increase,Decrease,Increase,Decrease,Increase,Increase,Decrease,Decrease,Decrease,Increase,Decrease,Increase,Increase,Decrease,Increase,Decrease,Decrease,Decrease,Increase,Decrease,Decrease,Increase,Decrease,Increase
ATA,Increase,Decrease,Increase,Decrease,Decrease,Decrease,Increase,Decrease,Decrease,Increase,Increase,Increase,Increase,Decrease,Decrease,Increase,Increase,Increase,Decrease,Increase,Decrease,Increase,Increase,Decrease,Decrease,Increase,Decrease,Decrease,Decrease,Increase,Increase,Decrease,Increase
ATC,Decrease,Increase,Decrease,Decrease,Increase,Increase,Decrease,Decrease,Increase,Decrease,Increase,Decrease,Decrease,Increase,Increase,Decrease,Decrease,Decrease,Increase,Decrease,Increase,Decrease,Decrease,Decrease,Increase,Decrease,Increase,Increase,Increase,Decrease,Decrease,Increase,Decrease
ATT,Increase,Decrease,Decrease,Increase,Decrease,Decrease,Increase,Increase,Decrease,Increase,Decrease,Increase,Increase,Decrease,Decrease,Increase,Increase,Decrease,Decrease,Increase,Decrease,Increase,Decrease,Increase,Decrease,Increase,Increase,Decrease,Increase,Decrease,Increase,Decrease,Decrease
ATG,Decrease,Decrease,Decrease,Decrease,Decrease,Decrease,Decrease,Decrease,Decrease,Decrease,Decrease,Decrease,Decrease,Decrease,Decrease,Decrease,Decrease,Decrease,Decrease,Decrease,Decrease,Decrease,Decrease,Decrease,Decrease,Decrease,Decrease,Decrease,Decrease,Decrease,Decrease,Decrease,Decrease
TTC,Decrease,Increase,Decrease,Decrease,Increase,Increase,Decrease,Decrease,Increase,Decrease,Increase,Decrease,Decrease,Increase,Increase,Decrease,Decrease,Decrease,Increase,Decrease,Increase,Decrease,Decrease,Increase,Decrease,Decrease,Increase,Increase,Increase,Decrease,Decrease,Increase,Decrease
TTT,Increase,Decrease,Increase,Increase,Decrease,Decrease,Increase,Increase,Decrease,Increase,Decrease,Increase,Increase,Decrease,Decrease,Increase,Increase,Increase,Decrease,Increase,Decrease,Increase,Increase,Decrease,Increase,Increase,Decrease,Decrease,Decrease,Increase,Increase,Decrease,Increase
TAC,Decrease,Increase,Decrease,Decrease,Increase,Increase,Decrease,Increase,Increase,Increase,Decrease,Increase,Decrease,Increase,Increase,Decrease,Decrease,Decrease,Increase,Decrease,Increase,Increase,Decrease,Increase,Decrease,Decrease,Decrease,Increase,Increase,Increase,Decrease,Increase,Decrease
TAT,Increase,Decrease,Increase,Increase,Decrease,Decrease,Increase,Decrease,Decrease,Decrease,Increase,Decrease,Increase,Decrease,Decrease,Increase,Increase,Increase,Decrease,Increase,Decrease,Decrease,Increase,Decrease,Increase,Increase,Increase,Decrease,Decrease,Decrease,Increase,Decrease,Increase
TGC,Decrease,Increase,Increase,Increase,Decrease,Increase,Decrease,Increase,Decrease,Decrease,Increase,Decrease,Increase,Decrease,Decrease,Increase,Increase,Increase,Increase,Decrease,Increase,Decrease,Increase,Decrease,Increase,Decrease,Increase,Decrease,Increase,Increase,Decrease,Increase,Decrease
TGT,Increase,Decrease,Decrease,Decrease,Increase,Decrease,Increase,Decrease,Increase,Increase,Decrease,Increase,Decrease,Increase,Increase,Decrease,Decrease,Decrease,Decrease,Increase,Decrease,Increase,Decrease,Increase,Decrease,Increase,Decrease,Increase,Decrease,Decrease,Increase,Decrease,Increase
TGG,Decrease,Decrease,Decrease,Decrease,Decrease,Decrease,Decrease,Decrease,Decrease,Decrease,Decrease,Decrease,Decrease,Decrease,Decrease,Decrease,Decrease,Decrease,Decrease,Decrease,Decrease,Decrease,Decrease,Decrease,Decrease,Decrease,Decrease,Decrease,Decrease,Decrease,Decrease,Decrease,Decrease
CTA,Increase,Decrease,Decrease,Decrease,Increase,Increase,Decrease,Increase,Decrease,Increase,Decrease,Decrease,Increase,Decrease,Increase,Decrease,Decrease,Increase,Decrease,Increase,Decrease,Increase,Decrease,Increase,Increase,Increase,Decrease,Increase,Decrease,Decrease,Increase,Decrease,Increase
CTC,Increase,Decrease,Increase,Decrease,Increase,Increase,Decrease,Increase,Increase,Increase,Decrease,Decrease,Decrease,Increase,Increase,Decrease,Decrease,Decrease,Increase,Decrease,Increase,Increase,Decrease,Increase,Decrease,Decrease,Decrease,Increase,Increase,Decrease,Decrease,Increase,Decrease
CTG,Decrease,Increase,Increase,Increase,Increase,Increase,Decrease,Decrease,Increase,Decrease,Increase,Decrease,Decrease,Increase,Increase,Decrease,Decrease,Increase,Increase,Decrease,Increase,Decrease,Increase,Decrease,Decrease,Increase,Increase,Decrease,Increase,Decrease,Decrease,Increase,Decrease
CTT,Decrease,Decrease,Increase,Increase,Decrease,Decrease,Increase,Increase,Decrease,Decrease,Increase,Increase,Increase,Increase,Decrease,Increase,Increase,Decrease,Decrease,Increase,Decrease,Decrease,Increase,Decrease,Increase,Increase,Increase,Decrease,Decrease,Increase,Increase,Decrease,Increase
TTA,Increase,Increase,Decrease,Increase,Decrease,Decrease,Increase,Increase,Decrease,Increase,Decrease,Increase,Increase,Decrease,Decrease,Increase,Increase,Decrease,Decrease,Increase,Decrease,Increase,Decrease,Increase,Decrease,Increase,Increase,Decrease,Decrease,Increase,Increase,Decrease,Increase
TTG,Increase,Increase,Decrease,Decrease,Increase,Increase,Decrease,Increase,Increase,Increase,Decrease,Increase,Increase,Decrease,Increase,Increase,Decrease,Decrease,Increase,Decrease,Decrease,Increase,Decrease,Increase,Decrease,Decrease,Decrease,Increase,Decrease,Decrease,Increase,Decrease,Increase
CCA,Increase,Decrease,Increase,Increase,Increase,Decrease,Increase,Decrease,Decrease,Decrease,Increase,Decrease,Increase,Decrease,Decrease,Increase,Increase,Increase,Decrease,Increase,Decrease,Decrease,Increase,Decrease,Increase,Increase,Increase,Decrease,Decrease,Increase,Increase,Decrease,Increase
CCC,Decrease,Increase,Increase,Increase,Decrease,Increase,Increase,Decrease,Decrease,Decrease,Increase,Decrease,Decrease,Increase,Decrease,Increase,Increase,Decrease,Increase,Decrease,Increase,Decrease,Increase,Decrease,Decrease,Increase,Increase,Decrease,Increase,Increase,Decrease,Increase,Decrease
CCG,Decrease,Increase,Increase,Increase,Decrease,Decrease,Increase,Decrease,Increase,Decrease,Increase,Increase,Increase,Increase,Decrease,Decrease,Increase,Increase,Decrease,Increase,Decrease,Decrease,Increase,Increase,Decrease,Decrease,Increase,Decrease,Increase,Decrease,Decrease,Increase,Decrease
CCT,Increase,Decrease,Decrease,Decrease,Increase,Increase,Decrease,Increase,Increase,Increase,Decrease,Increase,Decrease,Increase,Increase,Decrease,Decrease,Decrease,Increase,Decrease,Increase,Increase,Decrease,Increase,Increase,Decrease,Decrease,Increase,Decrease,Decrease,Increase,Decrease,Increase
CAC,Decrease,Increase,Decrease,Increase,Decrease,Decrease,Increase,Increase,Increase,Increase,Increase,Increase,Decrease,Increase,Increase,Decrease,Increase,Decrease,Increase,Decrease,Increase,Decrease,Decrease,Increase,Decrease,Decrease,Increase,Increase,Increase,Decrease,Decrease,Increase,Decrease
CAT,Increase,Decrease,Increase,Decrease,Increase,Increase,Decrease,Decrease,Decrease,Decrease,Decrease,Decrease,Increase,Decrease,Decrease,Increase,Decrease,Increase,Decrease,Increase,Decrease,Increase,Increase,Decrease,Increase,Increase,Decrease,Decrease,Decrease,Increase,Increase,Decrease,Increase
CAA,Increase,Decrease,Increase,Decrease,Increase,Increase,Decrease,Increase,Decrease,Increase,Decrease,Decrease,Increase,Decrease,Decrease,Increase,Decrease,Decrease,Increase,Increase,Decrease,Increase,Decrease,Decrease,Increase,Decrease,Increase,Increase,Decrease,Increase,Increase,Decrease,Increase
CAG,Decrease,Increase,Decrease,Increase,Decrease,Decrease,Increase,Decrease,Increase,Decrease,Increase,Increase,Decrease,Increase,Increase,Decrease,Increase,Increase,Decrease,Decrease,Increase,Decrease,Increase,Increase,Decrease,Increase,Decrease,Decrease,Increase,Decrease,Decrease,Increase,Decrease
GTA,Increase,Decrease,Decrease,Decrease,Increase,Decrease,Increase,Increase,Increase,Increase,Decrease,Increase,Increase,Decrease,Decrease,Decrease,Increase,Decrease,Decrease,Increase,Decrease,Increase,Decrease,Increase,Increase,Decrease,Decrease,Increase,Decrease,Increase,Increase,Decrease,Increase
GTC,Decrease,Increase,Increase,Decrease,Increase,Increase,Decrease,Increase,Decrease,Decrease,Increase,Decrease,Increase,Decrease,Decrease,Increase,Increase,Increase,Decrease,Increase,Decrease,Decrease,Increase,Decrease,Increase,Decrease,Increase,Decrease,Decrease,Increase,Decrease,Increase,Increase
GTG,Decrease,Increase,Increase,Increase,Increase,Decrease,Increase,Decrease,Increase,Decrease,Increase,Decrease,Decrease,Increase,Increase,Increase,Decrease,Increase,Increase,Decrease,Increase,Decrease,Increase,Increase,Decrease,Increase,Decrease,Decrease,Increase,Decrease,Decrease,Increase,Decrease
GTT,Increase,Increase,Decrease,Increase,Decrease,Decrease,Increase,Increase,Increase,Increase,Decrease,Increase,Increase,Decrease,Increase,Decrease,Increase,Decrease,Increase,Increase,Decrease,Increase,Decrease,Increase,Decrease,Increase,Decrease,Increase,Decrease,Decrease,Increase,Decrease,Increase
GCA,Increase,Decrease,Decrease,Decrease,Increase,Decrease,Increase,Decrease,Increase,Increase,Decrease,Increase,Increase,Increase,Increase,Increase,Decrease,Decrease,Decrease,Increase,Decrease,Increase,Decrease,Increase,Decrease,Increase,Decrease,Increase,Decrease,Increase,Increase,Decrease,Increase
GCC,Decrease,Increase,Decrease,Decrease,Increase,Increase,Decrease,Increase,Decrease,Increase,Increase,Decrease,Decrease,Increase,Increase,Decrease,Decrease,Increase,Increase,Decrease,Increase,Increase,Decrease,Increase,Increase,Decrease,Decrease,Increase,Decrease,Increase,Decrease,Increase,Decrease
GCG,Decrease,Increase,Increase,Increase,Decrease,Increase,Decrease,Increase,Decrease,Decrease,Increase,Decrease,Increase,Decrease,Increase,Decrease,Increase,Increase,Increase,Decrease,Decrease,Decrease,Increase,Increase,Decrease,Decrease,Decrease,Increase,Increase,Decrease,Decrease,Increase,Decrease
GCT,Increase,Decrease,Increase,Increase,Decrease,Decrease,Increase,Decrease,Decrease,Decrease,Increase,Increase,Increase,Increase,Decrease,Increase,Increase,Decrease,Decrease,Increase,Decrease,Decrease,Increase,Decrease,Increase,Increase,Increase,Decrease,Decrease,Increase,Increase,Decrease,Increase
GGA,Increase,Decrease,Decrease,Increase,Decrease,Decrease,Increase,Increase,Decrease,Increase,Decrease,Increase,Increase,Increase,Increase,Increase,Decrease,Decrease,Increase,Decrease,Increase,Increase,Decrease,Increase,Decrease,Increase,Decrease,Increase,Decrease,Decrease,Increase,Decrease,Increase
GGC,Increase,Increase,Decrease,Decrease,Increase,Increase,Decrease,Decrease,Increase,Increase,Decrease,Increase,Decrease,Increase,Increase,Decrease,Decrease,Decrease,Increase,Decrease,Increase,Increase,Decrease,Increase,Decrease,Decrease,Decrease,Increase,Increase,Decrease,Decrease,Increase,Decrease
GGG,Decrease,Increase,Increase,Increase,Decrease,Increase,Decrease,Increase,Decrease,Decrease,Increase,Decrease,Increase,Decrease,Decrease,Increase,Increase,Increase,Decrease,Increase,Decrease,Decrease,Increase,Decrease,Increase,Increase,Increase,Decrease,Decrease,Increase,Decrease,Increase,Decrease
GGT,Decrease,Increase,Increase,Increase,Decrease,Decrease,Increase,Increase,Decrease,Decrease,Increase,Decrease,Increase,Decrease,Decrease,Increase,Increase,Decrease,Decrease,Increase,Decrease,Decrease,Increase,Decrease,Increase,Decrease,Increase,Decrease,Decrease,Increase,Decrease,Decrease,Increase
GAC,Decrease,Increase,Decrease,Decrease,Increase,Increase,Decrease,Decrease,Increase,Decrease,Increase,Decrease,Decrease,Increase,Increase,Decrease,Decrease,Increase,Increase,Decrease,Increase,Decrease,Decrease,Increase,Increase,Decrease,Decrease,Increase,Increase,Decrease,Decrease,Increase,Decrease
GAT,Increase,Decrease,Increase,Increase,Decrease,Decrease,Increase,Increase,Decrease,Increase,Decrease,Increase,Increase,Decrease,Decrease,Increase,Increase,Decrease,Decrease,Increase,Decrease,Increase,Increase,Decrease,Decrease,Increase,Increase,Decrease,Decrease,Increase,Increase,Decrease,Increase
GAA,Increase,Decrease,Decrease,Increase,Decrease,Decrease,Increase,Increase,Decrease,Increase,Decrease,Decrease,Increase,Decrease,Decrease,Increase,Increase,Decrease,Decrease,Increase,Decrease,Increase,Decrease,Decrease,Increase,Increase,Increase,Decrease,Decrease,Increase,Increase,Decrease,Increase
GAG,Decrease,Increase,Increase,Decrease,Increase,Increase,Decrease,Decrease,Increase,Decrease,Increase,Increase,Decrease,Increase,Increase,Decrease,Decrease,Increase,Increase,Decrease,Increase,Decrease,Increase,Increase,Decrease,Decrease,Decrease,Increase,Increase,Decrease,Decrease,Increase,Decrease
TAA,Decrease,Increase,Increase,Increase,Decrease,Decrease,Increase,Increase,Decrease,Increase,Decrease,Increase,Decrease,Increase,Decrease,Increase,Increase,Increase,Decrease,Increase,Decrease,Decrease,Increase,Increase,Increase,Decrease,Increase,Decrease,Decrease,Increase,Decrease,Increase,Increase
TAG,Decrease,Decrease,Increase,Increase,Decrease,Increase,Decrease,Increase,Decrease,Decrease,Increase,Decrease,Increase,Decrease,Decrease,Decrease,Increase,Decrease,Decrease,Increase,Decrease,Increase,Increase,Decrease,Increase,Decrease,Increase,Decrease,Increase,Increase,Decrease,Increase,Increase
TGA,Increase,Increase,Decrease,Decrease,Increase,Decrease,Increase,Decrease,Increase,Increase,Decrease,Increase,Decrease,Increase,Increase,Decrease,Decrease,Decrease,Increase,Decrease,Increase,Increase,Decrease,Increase,Decrease,Increase,Decrease,Increase,Increase,Decrease,Increase,Decrease,Decrease
