,27_3,3_6,6_9,9_12,12_15,15_18,18_21,21_24,24_27
AAA,Increase,Increase,Decrease,Increase,Decrease,Decrease,Decrease,Increase,Increase
AAG,Decrease,Decrease,Increase,Decrease,Increase,Increase,Increase,Decrease,Decrease
AAC,Decrease,Increase,Decrease,Increase,Decrease,Increase,Increase,Increase,Decrease
AAT,Increase,Decrease,Increase,Decrease,Increase,Decrease,Decrease,Decrease,Increase
ACA,Increase,Decrease,Increase,Decrease,Decrease,Decrease,Decrease,Decrease,Decrease
ACC,Decrease,Increase,Decrease,Increase,Increase,Increase,Increase,Increase,Increase
ACG,Decrease,Decrease,Increase,Increase,Increase,Increase,Decrease,Decrease,Decrease
ACT,Increase,Decrease,Increase,Decrease,Increase,Decrease,Decrease,Decrease,Increase
AGA,Increase,Increase,Increase,Decrease,Decrease,Decrease,Decrease,Decrease,Increase
AGG,Increase,Increase,Increase,Decrease,Decrease,Decrease,Decrease,Decrease,Decrease
CGA,Decrease,Decrease,Increase,Increase,Increase,Decrease,Increase,Increase,Increase
CGC,Increase,Decrease,Decrease,Increase,Increase,Increase,Increase,Increase,Decrease
CGG,Decrease,Decrease,Decrease,Increase,Increase,Increase,Increase,Increase,Increase
CGT,Decrease,Increase,Decrease,Decrease,Increase,Increase,Increase,Increase,Decrease
AGC,Decrease,Increase,Increase,Increase,Decrease,Increase,Increase,Decrease,Decrease
AGT,Increase,Decrease,Increase,Decrease,Increase,Increase,Decrease,Decrease,Increase
TCA,Increase,Increase,Decrease,Decrease,Decrease,Decrease,Decrease,Increase,Increase
TCC,Decrease,Increase,Decrease,Increase,Increase,Decrease,Increase,Increase,Increase
TCG,Decrease,Decrease,Increase,Decrease,Increase,Decrease,Increase,Increase,Decrease
TCT,Increase,Decrease,Increase,Decrease,Decrease,Increase,Decrease,Decrease,Increase
ATA,Increase,Decrease,Decrease,Decrease,Increase,Decrease,Increase,Decrease,Decrease
ATC,Decrease,Increase,Decrease,Increase,Decrease,Increase,Increase,Increase,Decrease
ATT,Increase,Decrease,Increase,Decrease,Increase,Decrease,Decrease,Decrease,Increase
ATG,Decrease,Decrease,Decrease,Decrease,Decrease,Decrease,Decrease,Decrease,Decrease
TTC,Decrease,Increase,Increase,Increase,Decrease,Increase,Decrease,Decrease,Increase
TTT,Increase,Decrease,Decrease,Decrease,Increase,Decrease,Increase,Increase,Decrease
TAC,Decrease,Increase,Increase,Increase,Decrease,Increase,Decrease,Decrease,Increase
TAT,Increase,Decrease,Decrease,Decrease,Increase,Decrease,Increase,Increase,Decrease
TGC,Decrease,Increase,Decrease,Increase,Increase,Increase,Increase,Increase,Increase
TGT,Increase,Decrease,Increase,Decrease,Decrease,Decrease,Decrease,Decrease,Decrease
TGG,Decrease,Decrease,Decrease,Decrease,Decrease,Decrease,Decrease,Decrease,Decrease
CTA,Increase,Increase,Decrease,Decrease,Decrease,Decrease,Decrease,Decrease,Decrease
CTC,Increase,Decrease,Increase,Decrease,Decrease,Decrease,Decrease,Decrease,Decrease
CTG,Decrease,Increase,Decrease,Increase,Increase,Increase,Increase,Increase,Decrease
CTT,Decrease,Increase,Decrease,Increase,Decrease,Increase,Increase,Increase,Increase
TTA,Increase,Decrease,Increase,Decrease,Decrease,Decrease,Decrease,Decrease,Increase
TTG,Increase,Decrease,Increase,Decrease,Decrease,Decrease,Decrease,Decrease,Decrease
CCA,Increase,Decrease,Decrease,Decrease,Decrease,Decrease,Increase,Increase,Increase
CCC,Decrease,Increase,Decrease,Increase,Increase,Increase,Decrease,Decrease,Increase
CCG,Decrease,Decrease,Increase,Increase,Increase,Increase,Increase,Increase,Increase
CCT,Increase,Increase,Increase,Decrease,Decrease,Decrease,Decrease,Decrease,Decrease
CAC,Decrease,Decrease,Increase,Increase,Decrease,Increase,Decrease,Increase,Increase
CAT,Increase,Increase,Decrease,Decrease,Increase,Decrease,Increase,Decrease,Decrease
CAA,Increase,Increase,Decrease,Decrease,Decrease,Increase,Decrease,Decrease,Increase
CAG,Decrease,Decrease,Increase,Increase,Increase,Decrease,Increase,Increase,Decrease
GTA,Increase,Decrease,Increase,Increase,Decrease,Decrease,Decrease,Decrease,Increase
GTC,Decrease,Increase,Decrease,Decrease,Decrease,Decrease,Increase,Increase,Increase
GTG,Decrease,Decrease,Decrease,Increase,Increase,Decrease,Increase,Increase,Decrease
GTT,Increase,Decrease,Increase,Decrease,Decrease,Increase,Decrease,Decrease,Increase
GCA,Increase,Decrease,Increase,Increase,Decrease,Decrease,Decrease,Increase,Increase
GCC,Decrease,Increase,Increase,Decrease,Decrease,Increase,Decrease,Decrease,Decrease
GCG,Decrease,Decrease,Decrease,Increase,Increase,Increase,Increase,Increase,Decrease
GCT,Increase,Decrease,Decrease,Increase,Decrease,Decrease,Increase,Increase,Increase
GGA,Increase,Decrease,Increase,Decrease,Decrease,Decrease,Decrease,Decrease,Decrease
GGC,Increase,Decrease,Increase,Increase,Increase,Increase,Increase,Decrease,Decrease
GGG,Decrease,Increase,Decrease,Decrease,Increase,Decrease,Increase,Increase,Increase
GGT,Decrease,Increase,Decrease,Increase,Decrease,Increase,Increase,Increase,Increase
GAC,Decrease,Increase,Increase,Increase,Increase,Increase,Increase,Decrease,Decrease
GAT,Increase,Decrease,Decrease,Decrease,Decrease,Decrease,Decrease,Increase,Increase
GAA,Increase,Increase,Decrease,Decrease,Decrease,Increase,Decrease,Decrease,Increase
GAG,Decrease,Decrease,Increase,Increase,Increase,Decrease,Increase,Increase,Decrease
TAA,Decrease,Decrease,Decrease,Increase,Increase,Increase,Increase,Increase,Increase
TAG,Decrease,Increase,Decrease,Decrease,Decrease,Increase,Increase,Increase,Increase
TGA,Increase,Decrease,Increase,Increase,Increase,Decrease,Decrease,Decrease,Decrease
