,27_3,3_3,3_3_1,3_3_2,3_3_3,3_3_4,3_6,6_6,6_6_1,6_6_2,6_6_3,6_6_4,6_9,9_9,9_9_1,9_9_2,9_9_3,9_12,12_12,12_12_1,12_12_2,12_12_3,12_12_4,12_15,15_15,15_15_1,15_15_2,15_15_3,15_18,18_18,18_18_1,18_18_2,18_18_3,18_18_4,18_21,21_21,21_21_1,21_21_2,21_21_3,21_24,24_24,24_24_1,24_24_2,24_27,27_27,27_27_1
AAA,+,-,+,-,+,-,-,-,-,-,-,+,+,-,-,+,-,+,-,-,+,+,-,-,+,-,+,-,+,-,-,+,-,-,+,+,+,+,-,-,+,-,-,-,-,-
AAG,-,+,-,+,-,+,+,+,+,+,+,-,-,+,+,-,+,-,+,+,-,-,+,+,-,+,-,+,-,+,+,-,+,+,-,-,-,-,+,+,-,+,+,+,+,+
AAC,-,-,-,+,-,+,+,+,+,+,-,-,+,+,+,-,+,-,+,+,-,-,+,+,-,+,-,+,-,+,+,-,+,+,-,-,-,+,+,+,-,+,+,+,+,+
AAT,+,+,+,-,+,-,-,-,-,-,+,+,-,-,-,+,-,+,-,-,+,+,-,-,+,-,+,-,+,-,-,+,-,-,+,+,+,-,-,-,+,-,-,-,-,-
ACA,-,+,-,-,+,-,-,-,+,-,+,+,-,-,-,+,-,+,+,+,-,+,-,-,+,+,+,-,+,+,-,+,-,-,-,+,+,-,-,-,+,-,-,+,-,+
ACC,-,-,+,+,-,+,+,+,-,+,-,-,+,+,+,-,+,-,+,-,+,-,+,+,-,+,-,+,-,+,+,-,+,+,-,-,-,+,+,+,-,+,+,-,+,-
ACG,-,-,-,+,-,+,+,-,+,+,-,-,+,-,+,-,+,-,+,+,-,-,+,+,-,+,-,+,-,+,+,-,+,-,+,-,-,+,+,+,-,+,+,+,+,+
ACT,+,-,+,-,+,-,-,+,-,-,-,+,+,-,-,+,-,+,-,-,+,+,-,-,+,-,+,-,+,-,+,+,-,+,+,+,+,+,-,-,+,-,-,-,-,-
AGA,+,+,-,-,+,-,+,-,-,-,+,+,-,-,-,+,-,+,-,+,-,+,-,-,+,-,+,-,+,-,-,+,-,+,+,+,+,-,-,-,+,-,-,-,-,-
AGG,+,+,-,-,+,-,+,-,+,-,+,+,-,-,-,+,-,+,-,+,-,+,-,-,+,-,+,-,+,-,-,+,-,+,-,+,+,-,-,-,+,-,-,-,-,-
CGA,+,-,+,-,+,-,-,+,-,+,-,-,+,+,-,+,+,-,-,-,+,+,-,+,-,-,-,+,+,-,+,-,-,+,+,-,-,+,-,-,-,+,+,+,+,-
CGC,-,-,+,+,-,+,+,+,-,+,-,-,+,+,+,-,+,-,+,-,+,-,+,+,-,+,-,+,-,+,+,-,+,-,-,-,-,+,+,+,-,+,+,-,+,+
CGG,-,-,+,+,-,+,-,-,+,+,-,-,+,+,+,-,+,-,+,+,-,-,+,+,-,+,-,+,-,+,+,-,+,-,+,-,-,+,+,+,-,+,-,+,+,+
CGT,+,-,-,+,-,-,+,+,-,+,-,-,+,+,+,-,+,-,+,+,+,-,+,+,-,-,-,+,-,-,+,-,+,-,-,-,-,+,+,+,-,+,+,+,-,+
AGC,-,+,-,+,-,+,+,-,+,+,+,-,-,+,+,-,+,-,+,+,-,-,+,+,-,+,-,+,-,+,-,-,+,+,-,-,-,-,+,+,-,+,-,-,-,+
AGT,+,-,+,-,+,-,-,-,-,-,-,+,+,-,-,+,-,+,-,-,+,+,-,-,+,-,+,-,+,-,+,+,-,+,+,+,+,+,-,-,+,-,-,-,-,-
TCA,+,+,+,-,+,-,-,-,+,-,+,+,-,-,-,+,-,+,-,-,-,+,-,-,+,-,+,-,+,-,-,+,-,-,+,+,+,-,-,-,+,-,-,+,-,-
TCC,-,-,+,+,-,+,+,+,-,+,-,-,+,+,+,-,+,-,+,+,+,-,+,+,-,+,-,+,-,+,+,-,+,+,-,-,-,+,+,+,-,+,+,+,+,-
TCG,-,-,+,+,-,+,+,+,-,+,-,-,+,-,+,-,+,-,-,-,+,-,+,+,-,+,-,+,-,+,+,-,+,-,+,+,-,+,+,+,-,+,+,+,+,-
TCT,+,+,-,-,+,-,+,+,-,-,+,+,-,-,-,+,-,+,-,+,+,+,-,-,+,-,+,-,+,-,-,+,-,+,-,+,+,-,-,-,+,-,-,+,-,-
ATA,+,-,+,-,+,-,-,-,+,-,+,+,+,-,-,+,-,+,-,-,+,+,-,-,+,-,+,-,+,-,-,+,-,+,+,+,+,-,-,-,+,-,-,-,-,-
ATC,-,+,-,+,-,+,+,+,+,+,+,-,-,+,+,-,+,-,+,+,-,-,+,+,-,+,-,+,-,+,-,-,+,+,-,-,-,-,+,+,-,+,+,+,+,+
ATT,+,-,+,-,+,-,+,+,-,-,-,+,+,-,-,+,-,+,-,-,+,+,-,-,+,-,+,-,+,-,+,+,-,-,+,+,+,+,-,-,+,-,+,-,-,-
ATG,-,-,-,-,-,-,-,-,-,-,-,-,-,-,-,-,-,-,-,-,-,-,-,-,-,-,-,-,-,-,-,-,-,-,-,-,-,-,-,-,-,-,-,-,-,-
TTC,-,+,-,+,-,+,+,+,+,+,+,-,-,+,+,-,+,-,+,+,-,-,+,+,-,+,-,+,-,+,-,-,+,+,-,-,-,-,+,+,-,+,+,+,+,+
TTT,+,-,+,-,+,-,-,-,-,-,-,+,+,-,-,+,-,+,-,-,+,+,-,-,+,-,+,-,+,-,+,+,-,-,+,+,+,+,-,-,+,-,-,-,-,-
TAC,-,+,-,+,-,+,+,-,+,+,+,-,-,+,+,-,+,-,+,+,-,-,+,+,-,+,-,+,-,+,-,-,+,+,-,-,-,-,+,+,-,+,-,+,-,+
TAT,+,-,+,-,+,-,-,+,-,-,-,+,+,-,-,+,-,+,-,-,+,+,-,-,+,-,+,-,+,-,+,+,-,-,+,+,+,+,-,-,+,-,+,-,+,-
TGC,-,-,+,+,-,+,+,+,+,+,-,-,+,+,+,-,+,-,+,-,+,-,+,+,-,+,-,+,-,+,+,-,+,-,-,-,-,+,+,+,-,+,+,-,+,-
TGT,+,+,-,-,+,-,-,-,-,-,+,+,-,-,-,+,-,+,-,+,-,+,-,-,+,-,+,-,+,-,-,+,-,+,+,+,+,-,-,-,+,-,-,+,-,+
TGG,-,-,-,-,-,-,-,-,-,-,-,-,-,-,-,-,-,-,-,-,-,-,-,-,-,-,-,-,-,-,-,-,-,-,-,-,-,-,-,-,-,-,-,-,-,-
CTA,-,+,-,-,+,-,-,-,+,-,+,+,-,-,-,+,-,+,+,+,-,+,-,-,+,-,+,-,+,+,-,+,-,-,+,+,+,-,-,-,+,-,-,+,-,+
CTC,-,+,-,+,-,+,+,-,+,+,+,-,-,+,+,-,+,-,+,+,-,-,+,+,-,+,-,+,-,+,-,-,+,+,-,-,+,-,+,+,-,+,+,+,-,+
CTG,-,-,-,+,-,+,+,+,+,+,-,-,+,+,+,-,+,-,+,+,-,-,+,+,-,+,-,+,-,+,+,-,+,+,-,-,-,+,+,+,-,+,+,+,+,+
CTT,+,-,+,-,+,-,-,+,-,-,-,+,+,-,-,+,-,+,-,-,+,+,-,-,+,-,+,-,+,-,+,+,-,+,+,+,+,+,-,-,+,-,+,-,+,-
TTA,+,-,+,-,+,-,-,-,-,-,-,+,+,-,-,+,-,+,-,-,+,+,-,-,+,-,+,-,+,-,-,+,-,-,+,+,+,+,-,-,+,-,-,-,-,-
TTG,+,+,-,-,+,-,-,-,-,-,+,+,-,-,-,+,-,+,+,+,-,+,-,-,+,-,+,-,+,+,-,+,-,-,+,+,+,-,-,-,+,-,-,+,-,+
CCA,+,-,+,-,+,-,-,+,-,-,-,+,+,-,-,+,-,+,-,-,+,+,-,-,+,-,+,-,+,-,+,+,-,+,+,+,+,+,-,-,+,-,-,-,+,-
CCC,-,-,+,+,-,+,+,+,+,+,-,-,+,+,+,-,+,-,+,-,+,-,+,+,-,+,-,+,-,+,+,-,+,+,-,-,-,+,+,+,-,+,+,-,+,+
CCG,+,-,+,+,-,+,+,-,+,+,-,-,+,-,+,-,+,-,-,-,+,-,+,+,-,+,-,+,-,+,+,-,+,-,+,-,-,+,+,+,-,+,+,-,+,-
CCT,-,+,-,-,+,-,+,-,-,-,+,+,-,+,-,+,-,+,+,+,-,+,-,-,+,+,+,-,+,+,-,+,+,+,-,+,+,-,-,-,+,-,-,+,-,+
CAC,-,-,-,+,-,+,+,-,+,+,-,-,+,+,+,-,+,-,+,+,-,-,+,+,-,+,-,+,-,+,+,-,+,-,-,-,-,-,+,+,-,+,+,+,+,+
CAT,+,+,+,-,+,-,-,+,-,-,+,+,-,-,-,+,-,+,-,-,+,+,-,-,+,-,+,-,+,-,-,+,-,+,+,+,+,+,-,-,+,-,-,-,-,-
CAA,+,+,-,-,+,-,-,-,-,-,+,+,-,-,-,+,-,+,-,-,-,+,-,-,+,-,+,-,+,-,-,+,-,+,+,+,+,-,-,-,+,-,-,-,-,-
CAG,-,-,+,+,-,+,+,+,+,+,-,-,+,+,+,-,+,-,+,+,+,-,+,+,-,+,-,+,-,+,+,-,+,-,-,-,-,+,+,+,-,+,+,+,+,+
GTA,+,+,+,-,+,-,-,-,-,-,+,+,-,-,-,+,-,+,-,-,+,+,-,-,+,-,+,-,+,-,-,+,-,-,+,+,+,+,-,-,+,-,-,+,-,-
GTC,-,-,+,+,-,+,-,-,+,+,-,-,+,+,+,-,+,-,-,-,+,-,+,+,-,-,-,+,-,-,+,-,-,+,-,-,-,+,+,+,-,+,+,-,+,-
GTG,-,+,-,+,-,+,+,+,+,+,-,-,-,+,+,-,+,-,+,+,-,-,+,+,-,+,-,+,-,+,-,-,+,-,-,-,-,-,+,+,-,+,+,+,+,+
GTT,+,+,+,-,+,-,-,-,-,-,+,+,+,-,-,+,-,+,-,-,+,+,-,-,+,-,+,-,+,-,-,+,-,-,+,+,+,-,-,-,+,-,-,-,-,-
GCA,+,+,-,-,+,-,-,-,-,-,+,+,-,-,-,+,-,+,-,-,-,+,-,-,+,-,+,-,+,-,-,+,-,+,+,+,+,-,-,-,+,-,-,+,-,-
GCC,-,+,-,+,-,+,+,-,+,+,+,-,-,+,+,-,+,-,+,+,-,-,+,+,-,+,-,+,-,+,-,-,+,+,-,-,-,-,+,+,-,+,-,+,-,+
GCG,-,-,+,+,-,+,+,-,-,+,-,-,+,-,+,-,+,-,-,-,+,-,+,+,-,+,-,+,-,+,+,-,+,-,+,-,-,+,+,+,-,+,+,-,+,-
GCT,+,-,+,-,+,-,-,+,-,-,-,+,+,+,-,+,-,+,-,-,+,+,-,-,+,-,+,-,+,-,+,+,-,+,+,+,-,+,-,-,+,-,+,-,+,-
GGA,+,+,-,-,+,-,+,-,-,-,+,+,-,-,-,+,-,+,-,+,-,+,-,-,+,-,+,-,+,-,-,+,-,+,+,+,+,-,-,-,+,-,-,-,-,-
GGC,-,+,-,+,-,+,+,-,+,+,+,-,-,+,+,-,+,-,+,+,-,-,+,+,-,+,-,+,-,+,-,-,+,-,-,-,-,-,+,+,-,+,+,+,-,+
GGG,+,-,+,+,-,+,-,-,+,+,-,-,+,+,-,-,+,-,-,-,+,-,+,+,-,+,-,+,-,-,+,-,-,+,+,-,-,+,-,+,-,+,-,+,+,-
GGT,+,-,+,-,+,-,-,+,-,-,-,+,+,-,-,+,-,-,-,-,+,+,-,-,+,-,+,-,+,-,+,-,-,+,+,+,-,+,-,-,-,-,+,-,+,-
GAC,-,+,-,+,-,+,+,-,+,+,+,-,-,+,+,-,+,-,+,+,-,-,+,+,-,+,-,+,-,+,+,-,+,+,-,-,-,-,+,+,-,+,+,+,+,+
GAT,+,-,+,-,+,-,-,+,-,-,-,+,+,-,-,+,-,+,-,-,+,+,-,-,+,-,+,-,+,-,-,+,-,-,+,+,+,+,-,-,+,-,-,-,-,-
GAA,+,-,+,-,+,-,-,-,-,-,-,+,+,-,-,+,-,+,-,-,+,+,-,-,+,-,+,-,+,-,+,+,-,-,+,+,+,+,-,-,+,-,-,-,+,-
GAG,-,+,-,+,-,+,+,+,+,+,+,-,-,+,+,-,+,-,+,+,-,-,+,+,-,+,-,+,-,+,-,-,+,+,-,-,-,-,+,+,-,+,+,+,-,+
TAA,+,-,+,-,+,-,+,+,-,+,-,+,+,-,-,+,-,-,-,-,+,+,-,+,+,-,+,-,+,-,+,+,-,-,+,-,-,+,-,-,-,-,+,-,+,-
TAG,+,-,+,-,+,-,-,-,+,+,-,-,+,-,+,+,+,-,-,-,+,+,-,+,+,-,-,+,+,-,+,+,-,+,+,+,-,+,-,+,-,+,+,+,+,-
TGA,-,+,-,+,-,+,+,-,+,-,+,-,-,+,+,-,+,+,+,+,-,-,+,-,-,+,+,-,-,+,-,-,+,+,-,+,+,-,+,+,+,+,-,+,-,+
